sheet,cell,row,column,column_letter,data_type,is_date,value,formula,style_id,number_format,font_name,font_size,bold,italic,underline,font_color_rgb,fill_type,fill_fg_rgb,align_h,align_v,wrap_text,text_rotation,border_left,border_right,border_top,border_bottom,locked,hidden_formula,hyperlink_target,comment_author,comment_text,merged_range,row_height,column_width
Cover,A1,1,1,A,s,False,"This document is the property of Larsen & Toubro Limited, ECC Division - EDRC and must not be passed on to any third person or firm not authorised by us, nor be copied/made use of in full or part by such person or firm without our prior permission writing",,92,General,Aptos,10.0,False,False,,,,00000000,center,,True,90,medium,thin,medium,thin,True,False,,,,A1:A58,16.05,6.5546875
Cover,B1,1,2,B,n,False,,,13,General,Aptos,12.0,False,False,,,,00000000,,center,,0,thin,,medium,thin,False,False,,,,,16.05,3.77734375
Cover,C1,1,3,C,n,False,,,14,General,Aptos,12.0,False,False,,,,00000000,,center,,0,,,medium,thin,False,False,,,,,16.05,5.0
Cover,D1,1,4,D,n,False,,,14,General,Aptos,12.0,False,False,,,,00000000,,center,,0,,,medium,thin,False,False,,,,,16.05,4.77734375
Cover,E1,1,5,E,n,False,,,14,General,Aptos,12.0,False,False,,,,00000000,,center,,0,,,medium,thin,False,False,,,,,16.05,7.21875
Cover,F1,1,6,F,n,False,,,14,General,Aptos,12.0,False,False,,,,00000000,,center,,0,,,medium,thin,False,False,,,,,16.05,3.77734375
Cover,G1,1,7,G,n,False,,,14,General,Aptos,12.0,False,False,,,,00000000,,center,,0,,,medium,thin,False,False,,,,,16.05,7.21875
Cover,H1,1,8,H,n,False,,,14,General,Aptos,12.0,False,False,,,,00000000,,center,,0,,,medium,thin,False,False,,,,,16.05,5.44140625
Cover,I1,1,9,I,n,False,,,14,General,Aptos,12.0,False,False,,,,00000000,,center,,0,,,medium,thin,False,False,,,,,16.05,5.21875
Cover,J1,1,10,J,n,False,,,14,General,Aptos,12.0,False,False,,,,00000000,,center,,0,,,medium,thin,False,False,,,,,16.05,2.77734375
Cover,K1,1,11,K,n,False,,,14,General,Aptos,12.0,False,False,,,,00000000,,center,,0,,,medium,thin,False,False,,,,,16.05,5.77734375
Cover,L1,1,12,L,n,False,,,14,General,Aptos,12.0,False,False,,,,00000000,,center,,0,,,medium,thin,False,False,,,,,16.05,3.77734375
Cover,M1,1,13,M,n,False,,,14,General,Aptos,12.0,False,False,,,,00000000,,center,,0,,,medium,thin,False,False,,,,,16.05,4.21875
Cover,N1,1,14,N,n,False,,,14,General,Aptos,12.0,False,False,,,,00000000,,center,,0,,,medium,thin,False,False,,,,,16.05,3.77734375
Cover,O1,1,15,O,n,False,,,14,General,Aptos,12.0,False,False,,,,00000000,,center,,0,,,medium,thin,False,False,,,,,16.05,13.0
Cover,P1,1,16,P,n,False,,,14,General,Aptos,12.0,False,False,,,,00000000,,center,,0,,,medium,thin,False,False,,,,,16.05,6.21875
Cover,Q1,1,17,Q,n,False,,,14,General,Aptos,12.0,False,False,,,,00000000,,center,,0,,,medium,thin,False,False,,,,,16.05,4.77734375
Cover,R1,1,18,R,n,False,,,14,General,Aptos,12.0,False,False,,,,00000000,,center,,0,,,medium,thin,False,False,,,,,16.05,3.77734375
Cover,S1,1,19,S,n,False,,,14,General,Aptos,12.0,False,False,,,,00000000,,center,,0,,,medium,thin,False,False,,,,,16.05,13.0
Cover,T1,1,20,T,n,False,,,14,General,Aptos,12.0,False,False,,,,00000000,,center,,0,,,medium,thin,False,False,,,,,16.05,13.0
Cover,U1,1,21,U,n,False,,,14,General,Aptos,12.0,False,False,,,,00000000,,center,,0,,,medium,thin,False,False,,,,,16.05,8.5546875
Cover,V1,1,22,V,n,False,,,14,General,Aptos,12.0,False,False,,,,00000000,,center,,0,,,medium,thin,False,False,,,,,16.05,3.77734375
Cover,W1,1,23,W,n,False,,,14,General,Aptos,12.0,False,False,,,,00000000,,center,,0,,,medium,thin,False,False,,,,,16.05,13.0
Cover,X1,1,24,X,n,False,,,14,General,Aptos,12.0,False,False,,,,00000000,,center,,0,,,medium,thin,False,False,,,,,16.05,13.0
Cover,Y1,1,25,Y,n,False,,,14,General,Aptos,12.0,False,False,,,,00000000,,center,,0,,,medium,thin,False,False,,,,,16.05,5.21875
Cover,Z1,1,26,Z,n,False,,,14,General,Aptos,12.0,False,False,,,,00000000,,center,,0,,,medium,thin,False,False,,,,,16.05,6.21875
Cover,AA1,1,27,AA,n,False,,,14,General,Aptos,12.0,False,False,,,,00000000,,center,,0,,,medium,thin,False,False,,,,,16.05,5.77734375
Cover,AB1,1,28,AB,n,False,,,14,General,Aptos,12.0,False,False,,,,00000000,,center,,0,,,medium,thin,False,False,,,,,16.05,3.77734375
Cover,AC1,1,29,AC,n,False,,,14,General,Aptos,12.0,False,False,,,,00000000,,center,,0,,,medium,thin,False,False,,,,,16.05,7.0
Cover,AD1,1,30,AD,n,False,,,14,General,Aptos,12.0,False,False,,,,00000000,,center,,0,,,medium,thin,False,False,,,,,16.05,3.77734375
Cover,AE1,1,31,AE,n,False,,,14,General,Aptos,12.0,False,False,,,,00000000,,center,,0,,,medium,thin,False,False,,,,,16.05,7.77734375
Cover,AF1,1,32,AF,n,False,,,15,General,Aptos,12.0,False,False,,,,00000000,,center,,0,,medium,medium,,False,False,,,,,16.05,3.77734375
Cover,B2,2,2,B,n,False,,,17,General,Aptos,12.0,False,False,,,,00000000,,center,,0,thin,,,,False,False,,,,,16.05,3.77734375
Cover,AE2,2,31,AE,n,False,,,18,General,Aptos,12.0,False,False,,,,00000000,,center,,0,,thin,,,False,False,,,,,16.05,7.77734375
Cover,AF2,2,32,AF,n,False,,,19,General,Aptos,12.0,False,False,,,,00000000,,center,,0,,medium,,,False,False,,,,,16.05,3.77734375
Cover,B3,3,2,B,n,False,,,17,General,Aptos,12.0,False,False,,,,00000000,,center,,0,thin,,,,False,False,,,,,16.05,3.77734375
Cover,AE3,3,31,AE,n,False,,,18,General,Aptos,12.0,False,False,,,,00000000,,center,,0,,thin,,,False,False,,,,,16.05,7.77734375
Cover,AF3,3,32,AF,n,False,,,19,General,Aptos,12.0,False,False,,,,00000000,,center,,0,,medium,,,False,False,,,,,16.05,3.77734375
Cover,B4,4,2,B,n,False,,,17,General,Aptos,12.0,False,False,,,,00000000,,center,,0,thin,,,,False,False,,,,,16.05,3.77734375
Cover,AE4,4,31,AE,n,False,,,18,General,Aptos,12.0,False,False,,,,00000000,,center,,0,,thin,,,False,False,,,,,16.05,7.77734375
Cover,AF4,4,32,AF,n,False,,,19,General,Aptos,12.0,False,False,,,,00000000,,center,,0,,medium,,,False,False,,,,,16.05,3.77734375
Cover,B5,5,2,B,n,False,,,17,General,Aptos,12.0,False,False,,,,00000000,,center,,0,thin,,,,False,False,,,,,16.05,3.77734375
Cover,AE5,5,31,AE,n,False,,,18,General,Aptos,12.0,False,False,,,,00000000,,center,,0,,thin,,,False,False,,,,,16.05,7.77734375
Cover,AF5,5,32,AF,n,False,,,19,General,Aptos,12.0,False,False,,,,00000000,,center,,0,,medium,,,False,False,,,,,16.05,3.77734375
Cover,B6,6,2,B,n,False,,,17,General,Aptos,12.0,False,False,,,,00000000,,center,,0,thin,,,,False,False,,,,,16.05,3.77734375
Cover,AE6,6,31,AE,n,False,,,18,General,Aptos,12.0,False,False,,,,00000000,,center,,0,,thin,,,False,False,,,,,16.05,7.77734375
Cover,AF6,6,32,AF,n,False,,,19,General,Aptos,12.0,False,False,,,,00000000,,center,,0,,medium,,,False,False,,,,,16.05,3.77734375
Cover,B7,7,2,B,n,False,,,17,General,Aptos,12.0,False,False,,,,00000000,,center,,0,thin,,,,False,False,,,,,16.05,3.77734375
Cover,AE7,7,31,AE,n,False,,,18,General,Aptos,12.0,False,False,,,,00000000,,center,,0,,thin,,,False,False,,,,,16.05,7.77734375
Cover,AF7,7,32,AF,n,False,,,19,General,Aptos,12.0,False,False,,,,00000000,,center,,0,,medium,,,False,False,,,,,16.05,3.77734375
Cover,B8,8,2,B,n,False,,,17,General,Aptos,12.0,False,False,,,,00000000,,center,,0,thin,,,,False,False,,,,,16.05,3.77734375
Cover,AE8,8,31,AE,n,False,,,18,General,Aptos,12.0,False,False,,,,00000000,,center,,0,,thin,,,False,False,,,,,16.05,7.77734375
Cover,AF8,8,32,AF,n,False,,,19,General,Aptos,12.0,False,False,,,,00000000,,center,,0,,medium,,,False,False,,,,,16.05,3.77734375
Cover,B9,9,2,B,n,False,,,17,General,Aptos,12.0,False,False,,,,00000000,,center,,0,thin,,,,False,False,,,,,16.05,3.77734375
Cover,AE9,9,31,AE,n,False,,,18,General,Aptos,12.0,False,False,,,,00000000,,center,,0,,thin,,,False,False,,,,,16.05,7.77734375
Cover,AF9,9,32,AF,n,False,,,19,General,Aptos,12.0,False,False,,,,00000000,,center,,0,,medium,,,False,False,,,,,16.05,3.77734375
Cover,B10,10,2,B,n,False,,,17,General,Aptos,12.0,False,False,,,,00000000,,center,,0,thin,,,,False,False,,,,,16.05,3.77734375
Cover,AE10,10,31,AE,n,False,,,18,General,Aptos,12.0,False,False,,,,00000000,,center,,0,,thin,,,False,False,,,,,16.05,7.77734375
Cover,AF10,10,32,AF,n,False,,,19,General,Aptos,12.0,False,False,,,,00000000,,center,,0,,medium,,,False,False,,,,,16.05,3.77734375
Cover,B11,11,2,B,n,False,,,17,General,Aptos,12.0,False,False,,,,00000000,,center,,0,thin,,,,False,False,,,,,16.05,3.77734375
Cover,AE11,11,31,AE,n,False,,,18,General,Aptos,12.0,False,False,,,,00000000,,center,,0,,thin,,,False,False,,,,,16.05,7.77734375
Cover,AF11,11,32,AF,n,False,,,19,General,Aptos,12.0,False,False,,,,00000000,,center,,0,,medium,,,False,False,,,,,16.05,3.77734375
Cover,B12,12,2,B,n,False,,,17,General,Aptos,12.0,False,False,,,,00000000,,center,,0,thin,,,,False,False,,,,,16.05,3.77734375
Cover,AE12,12,31,AE,n,False,,,18,General,Aptos,12.0,False,False,,,,00000000,,center,,0,,thin,,,False,False,,,,,16.05,7.77734375
Cover,AF12,12,32,AF,n,False,,,19,General,Aptos,12.0,False,False,,,,00000000,,center,,0,,medium,,,False,False,,,,,16.05,3.77734375
Cover,B13,13,2,B,n,False,,,17,General,Aptos,12.0,False,False,,,,00000000,,center,,0,thin,,,,False,False,,,,,16.05,3.77734375
Cover,AE13,13,31,AE,n,False,,,18,General,Aptos,12.0,False,False,,,,00000000,,center,,0,,thin,,,False,False,,,,,16.05,7.77734375
Cover,AF13,13,32,AF,n,False,,,19,General,Aptos,12.0,False,False,,,,00000000,,center,,0,,medium,,,False,False,,,,,16.05,3.77734375
Cover,B14,14,2,B,n,False,,,17,General,Aptos,12.0,False,False,,,,00000000,,center,,0,thin,,,,False,False,,,,,16.05,3.77734375
Cover,AE14,14,31,AE,n,False,,,18,General,Aptos,12.0,False,False,,,,00000000,,center,,0,,thin,,,False,False,,,,,16.05,7.77734375
Cover,AF14,14,32,AF,n,False,,,19,General,Aptos,12.0,False,False,,,,00000000,,center,,0,,medium,,,False,False,,,,,16.05,3.77734375
Cover,B15,15,2,B,n,False,,,17,General,Aptos,12.0,False,False,,,,00000000,,center,,0,thin,,,,False,False,,,,,16.05,3.77734375
Cover,AE15,15,31,AE,n,False,,,18,General,Aptos,12.0,False,False,,,,00000000,,center,,0,,thin,,,False,False,,,,,16.05,7.77734375
Cover,AF15,15,32,AF,n,False,,,19,General,Aptos,12.0,False,False,,,,00000000,,center,,0,,medium,,,False,False,,,,,16.05,3.77734375
Cover,B16,16,2,B,n,False,,,17,General,Aptos,12.0,False,False,,,,00000000,,center,,0,thin,,,,False,False,,,,,16.05,3.77734375
Cover,AE16,16,31,AE,n,False,,,18,General,Aptos,12.0,False,False,,,,00000000,,center,,0,,thin,,,False,False,,,,,16.05,7.77734375
Cover,AF16,16,32,AF,n,False,,,19,General,Aptos,12.0,False,False,,,,00000000,,center,,0,,medium,,,False,False,,,,,16.05,3.77734375
Cover,B17,17,2,B,n,False,,,17,General,Aptos,12.0,False,False,,,,00000000,,center,,0,thin,,,,False,False,,,,,16.05,3.77734375
Cover,AE17,17,31,AE,n,False,,,18,General,Aptos,12.0,False,False,,,,00000000,,center,,0,,thin,,,False,False,,,,,16.05,7.77734375
Cover,AF17,17,32,AF,n,False,,,19,General,Aptos,12.0,False,False,,,,00000000,,center,,0,,medium,,,False,False,,,,,16.05,3.77734375
Cover,B18,18,2,B,n,False,,,17,General,Aptos,12.0,False,False,,,,00000000,,center,,0,thin,,,,False,False,,,,,16.05,3.77734375
Cover,AE18,18,31,AE,n,False,,,18,General,Aptos,12.0,False,False,,,,00000000,,center,,0,,thin,,,False,False,,,,,16.05,7.77734375
Cover,AF18,18,32,AF,n,False,,,19,General,Aptos,12.0,False,False,,,,00000000,,center,,0,,medium,,,False,False,,,,,16.05,3.77734375
Cover,B19,19,2,B,n,False,,,17,General,Aptos,12.0,False,False,,,,00000000,,center,,0,thin,,,,False,False,,,,,16.05,3.77734375
Cover,AE19,19,31,AE,n,False,,,18,General,Aptos,12.0,False,False,,,,00000000,,center,,0,,thin,,,False,False,,,,,16.05,7.77734375
Cover,AF19,19,32,AF,n,False,,,19,General,Aptos,12.0,False,False,,,,00000000,,center,,0,,medium,,,False,False,,,,,16.05,3.77734375
Cover,B20,20,2,B,n,False,,,17,General,Aptos,12.0,False,False,,,,00000000,,center,,0,thin,,,,False,False,,,,,16.05,3.77734375
Cover,AE20,20,31,AE,n,False,,,18,General,Aptos,12.0,False,False,,,,00000000,,center,,0,,thin,,,False,False,,,,,16.05,7.77734375
Cover,AF20,20,32,AF,n,False,,,19,General,Aptos,12.0,False,False,,,,00000000,,center,,0,,medium,,,False,False,,,,,16.05,3.77734375
Cover,B21,21,2,B,n,False,,,17,General,Aptos,12.0,False,False,,,,00000000,,center,,0,thin,,,,False,False,,,,,16.05,3.77734375
Cover,AE21,21,31,AE,n,False,,,18,General,Aptos,12.0,False,False,,,,00000000,,center,,0,,thin,,,False,False,,,,,16.05,7.77734375
Cover,AF21,21,32,AF,n,False,,,19,General,Aptos,12.0,False,False,,,,00000000,,center,,0,,medium,,,False,False,,,,,16.05,3.77734375
Cover,B22,22,2,B,n,False,,,17,General,Aptos,12.0,False,False,,,,00000000,,center,,0,thin,,,,False,False,,,,,16.05,3.77734375
Cover,AE22,22,31,AE,n,False,,,18,General,Aptos,12.0,False,False,,,,00000000,,center,,0,,thin,,,False,False,,,,,16.05,7.77734375
Cover,AF22,22,32,AF,n,False,,,19,General,Aptos,12.0,False,False,,,,00000000,,center,,0,,medium,,,False,False,,,,,16.05,3.77734375
Cover,B23,23,2,B,n,False,,,17,General,Aptos,12.0,False,False,,,,00000000,,center,,0,thin,,,,False,False,,,,,16.05,3.77734375
Cover,AE23,23,31,AE,n,False,,,18,General,Aptos,12.0,False,False,,,,00000000,,center,,0,,thin,,,False,False,,,,,16.05,7.77734375
Cover,AF23,23,32,AF,n,False,,,19,General,Aptos,12.0,False,False,,,,00000000,,center,,0,,medium,,,False,False,,,,,16.05,3.77734375
Cover,B24,24,2,B,n,False,,,17,General,Aptos,12.0,False,False,,,,00000000,,center,,0,thin,,,,False,False,,,,,16.05,3.77734375
Cover,AE24,24,31,AE,n,False,,,18,General,Aptos,12.0,False,False,,,,00000000,,center,,0,,thin,,,False,False,,,,,16.05,7.77734375
Cover,AF24,24,32,AF,n,False,,,19,General,Aptos,12.0,False,False,,,,00000000,,center,,0,,medium,,,False,False,,,,,16.05,3.77734375
Cover,B25,25,2,B,n,False,,,17,General,Aptos,12.0,False,False,,,,00000000,,center,,0,thin,,,,False,False,,,,,16.05,3.77734375
Cover,AE25,25,31,AE,n,False,,,18,General,Aptos,12.0,False,False,,,,00000000,,center,,0,,thin,,,False,False,,,,,16.05,7.77734375
Cover,AF25,25,32,AF,n,False,,,19,General,Aptos,12.0,False,False,,,,00000000,,center,,0,,medium,,,False,False,,,,,16.05,3.77734375
Cover,B26,26,2,B,n,False,,,17,General,Aptos,12.0,False,False,,,,00000000,,center,,0,thin,,,,False,False,,,,,16.05,3.77734375
Cover,AE26,26,31,AE,n,False,,,18,General,Aptos,12.0,False,False,,,,00000000,,center,,0,,thin,,,False,False,,,,,16.05,7.77734375
Cover,AF26,26,32,AF,n,False,,,19,General,Aptos,12.0,False,False,,,,00000000,,center,,0,,medium,,,False,False,,,,,16.05,3.77734375
Cover,B27,27,2,B,n,False,,,17,General,Aptos,12.0,False,False,,,,00000000,,center,,0,thin,,,,False,False,,,,,16.05,3.77734375
Cover,AE27,27,31,AE,n,False,,,18,General,Aptos,12.0,False,False,,,,00000000,,center,,0,,thin,,,False,False,,,,,16.05,7.77734375
Cover,AF27,27,32,AF,n,False,,,19,General,Aptos,12.0,False,False,,,,00000000,,center,,0,,medium,,,False,False,,,,,16.05,3.77734375
Cover,B28,28,2,B,n,False,,,17,General,Aptos,12.0,False,False,,,,00000000,,center,,0,thin,,,,False,False,,,,,16.05,3.77734375
Cover,AE28,28,31,AE,n,False,,,18,General,Aptos,12.0,False,False,,,,00000000,,center,,0,,thin,,,False,False,,,,,16.05,7.77734375
Cover,AF28,28,32,AF,n,False,,,19,General,Aptos,12.0,False,False,,,,00000000,,center,,0,,medium,,,False,False,,,,,16.05,3.77734375
Cover,B29,29,2,B,n,False,,,17,General,Aptos,12.0,False,False,,,,00000000,,center,,0,thin,,,,False,False,,,,,16.05,3.77734375
Cover,AE29,29,31,AE,n,False,,,18,General,Aptos,12.0,False,False,,,,00000000,,center,,0,,thin,,,False,False,,,,,16.05,7.77734375
Cover,AF29,29,32,AF,n,False,,,19,General,Aptos,12.0,False,False,,,,00000000,,center,,0,,medium,,,False,False,,,,,16.05,3.77734375
Cover,B30,30,2,B,n,False,,,17,General,Aptos,12.0,False,False,,,,00000000,,center,,0,thin,,,,False,False,,,,,16.05,3.77734375
Cover,AE30,30,31,AE,n,False,,,18,General,Aptos,12.0,False,False,,,,00000000,,center,,0,,thin,,,False,False,,,,,16.05,7.77734375
Cover,AF30,30,32,AF,n,False,,,19,General,Aptos,12.0,False,False,,,,00000000,,center,,0,,medium,,,False,False,,,,,16.05,3.77734375
Cover,B31,31,2,B,n,False,,,17,General,Aptos,12.0,False,False,,,,00000000,,center,,0,thin,,,,False,False,,,,,16.05,3.77734375
Cover,AE31,31,31,AE,n,False,,,18,General,Aptos,12.0,False,False,,,,00000000,,center,,0,,thin,,,False,False,,,,,16.05,7.77734375
Cover,AF31,31,32,AF,n,False,,,19,General,Aptos,12.0,False,False,,,,00000000,,center,,0,,medium,,,False,False,,,,,16.05,3.77734375
Cover,B32,32,2,B,n,False,,,17,General,Aptos,12.0,False,False,,,,00000000,,center,,0,thin,,,,False,False,,,,,16.05,3.77734375
Cover,AE32,32,31,AE,n,False,,,18,General,Aptos,12.0,False,False,,,,00000000,,center,,0,,thin,,,False,False,,,,,16.05,7.77734375
Cover,AF32,32,32,AF,n,False,,,19,General,Aptos,12.0,False,False,,,,00000000,,center,,0,,medium,,,False,False,,,,,16.05,3.77734375
Cover,B33,33,2,B,n,False,,,17,General,Aptos,12.0,False,False,,,,00000000,,center,,0,thin,,,,False,False,,,,,15.75,3.77734375
Cover,AE33,33,31,AE,n,False,,,18,General,Aptos,12.0,False,False,,,,00000000,,center,,0,,thin,,,False,False,,,,,15.75,7.77734375
Cover,AF33,33,32,AF,n,False,,,19,General,Aptos,12.0,False,False,,,,00000000,,center,,0,,medium,,,False,False,,,,,15.75,3.77734375
Cover,B34,34,2,B,n,False,,,17,General,Aptos,12.0,False,False,,,,00000000,,center,,0,thin,,,,False,False,,,,,16.05,3.77734375
Cover,AE34,34,31,AE,n,False,,,18,General,Aptos,12.0,False,False,,,,00000000,,center,,0,,thin,,,False,False,,,,,16.05,7.77734375
Cover,AF34,34,32,AF,n,False,,,19,General,Aptos,12.0,False,False,,,,00000000,,center,,0,,medium,,,False,False,,,,,16.05,3.77734375
Cover,B35,35,2,B,n,False,,,17,General,Aptos,12.0,False,False,,,,00000000,,center,,0,thin,,,,False,False,,,,,16.05,3.77734375
Cover,AE35,35,31,AE,n,False,,,18,General,Aptos,12.0,False,False,,,,00000000,,center,,0,,thin,,,False,False,,,,,16.05,7.77734375
Cover,AF35,35,32,AF,n,False,,,19,General,Aptos,12.0,False,False,,,,00000000,,center,,0,,medium,,,False,False,,,,,16.05,3.77734375
Cover,B36,36,2,B,n,False,,,17,General,Aptos,12.0,False,False,,,,00000000,,center,,0,thin,,,,False,False,,,,,16.05,3.77734375
Cover,AE36,36,31,AE,n,False,,,18,General,Aptos,12.0,False,False,,,,00000000,,center,,0,,thin,,,False,False,,,,,16.05,7.77734375
Cover,AF36,36,32,AF,n,False,,,19,General,Aptos,12.0,False,False,,,,00000000,,center,,0,,medium,,,False,False,,,,,16.05,3.77734375
Cover,B37,37,2,B,n,False,,,17,General,Aptos,12.0,False,False,,,,00000000,,center,,0,thin,,,,False,False,,,,,16.05,3.77734375
Cover,AE37,37,31,AE,n,False,,,18,General,Aptos,12.0,False,False,,,,00000000,,center,,0,,thin,,,False,False,,,,,16.05,7.77734375
Cover,AF37,37,32,AF,n,False,,,19,General,Aptos,12.0,False,False,,,,00000000,,center,,0,,medium,,,False,False,,,,,16.05,3.77734375
Cover,B38,38,2,B,n,False,,,17,General,Aptos,12.0,False,False,,,,00000000,,center,,0,thin,,,,False,False,,,,,16.05,3.77734375
Cover,AE38,38,31,AE,n,False,,,18,General,Aptos,12.0,False,False,,,,00000000,,center,,0,,thin,,,False,False,,,,,16.05,7.77734375
Cover,AF38,38,32,AF,n,False,,,19,General,Aptos,12.0,False,False,,,,00000000,,center,,0,,medium,,,False,False,,,,,16.05,3.77734375
Cover,B39,39,2,B,n,False,,,17,General,Aptos,12.0,False,False,,,,00000000,,center,,0,thin,,,,False,False,,,,,16.05,3.77734375
Cover,AE39,39,31,AE,n,False,,,18,General,Aptos,12.0,False,False,,,,00000000,,center,,0,,thin,,,False,False,,,,,16.05,7.77734375
Cover,AF39,39,32,AF,n,False,,,19,General,Aptos,12.0,False,False,,,,00000000,,center,,0,,medium,,,False,False,,,,,16.05,3.77734375
Cover,B40,40,2,B,n,False,,,94,General,Aptos,12.0,False,False,,,,00000000,center,center,,0,thin,,,,False,False,,,,B40:E40,16.05,3.77734375
Cover,F40,40,6,F,n,False,,,95,General,Aptos,12.0,False,False,,,,00000000,center,center,,0,,,,,False,False,,,,F40:H40,16.05,3.77734375
Cover,I40,40,9,I,n,False,,,95,General,Aptos,12.0,False,False,,,,00000000,center,center,,0,,,,,False,False,,,,I40:Y40,16.05,5.21875
Cover,Z40,40,26,Z,n,False,,,96,General,Aptos,12.0,False,False,,,,00000000,left,center,,0,,,,,False,False,,,,Z40:AA40,16.05,6.21875
Cover,AB40,40,28,AB,n,False,,,96,General,Aptos,12.0,False,False,,,,00000000,left,center,,0,,,,,False,False,,,,AB40:AC40,16.05,3.77734375
Cover,AD40,40,30,AD,n,False,,,102,General,Aptos,12.0,False,False,,,,00000000,left,center,,0,,thin,,,False,False,,,,AD40:AE40,16.05,3.77734375
Cover,AF40,40,32,AF,n,False,,,19,General,Aptos,12.0,False,False,,,,00000000,,center,,0,,medium,,,False,False,,,,,16.05,3.77734375
Cover,B41,41,2,B,n,False,,,94,General,Aptos,12.0,False,False,,,,00000000,center,center,,0,thin,,,,False,False,,,,B41:E41,16.05,3.77734375
Cover,F41,41,6,F,n,False,,,95,General,Aptos,12.0,False,False,,,,00000000,center,center,,0,,,,,False,False,,,,F41:H41,16.05,3.77734375
Cover,I41,41,9,I,n,False,,,95,General,Aptos,12.0,False,False,,,,00000000,center,center,,0,,,,,False,False,,,,I41:Y41,16.05,5.21875
Cover,Z41,41,26,Z,n,False,,,95,General,Aptos,12.0,False,False,,,,00000000,center,center,,0,,,,,False,False,,,,Z41:AA41,16.05,6.21875
Cover,AB41,41,28,AB,n,False,,,95,General,Aptos,12.0,False,False,,,,00000000,center,center,,0,,,,,False,False,,,,AB41:AC41,16.05,3.77734375
Cover,AD41,41,30,AD,n,False,,,103,General,Aptos,12.0,False,False,,,,00000000,center,center,,0,,thin,,,False,False,,,,AD41:AE41,16.05,3.77734375
Cover,AF41,41,32,AF,n,False,,,19,General,Aptos,12.0,False,False,,,,00000000,,center,,0,,medium,,,False,False,,,,,16.05,3.77734375
Cover,B42,42,2,B,n,False,,,94,General,Aptos,12.0,False,False,,,,00000000,center,center,,0,thin,,,,False,False,,,,B42:E42,16.05,3.77734375
Cover,F42,42,6,F,n,False,,,95,General,Aptos,12.0,False,False,,,,00000000,center,center,,0,,,,,False,False,,,,F42:H42,16.05,3.77734375
Cover,I42,42,9,I,n,False,,,95,General,Aptos,12.0,False,False,,,,00000000,center,center,,0,,,,,False,False,,,,I42:Y42,16.05,5.21875
Cover,Z42,42,26,Z,n,False,,,95,General,Aptos,12.0,False,False,,,,00000000,center,center,,0,,,,,False,False,,,,Z42:AA42,16.05,6.21875
Cover,AB42,42,28,AB,n,False,,,95,General,Aptos,12.0,False,False,,,,00000000,center,center,,0,,,,,False,False,,,,AB42:AC42,16.05,3.77734375
Cover,AD42,42,30,AD,n,False,,,103,General,Aptos,12.0,False,False,,,,00000000,center,center,,0,,thin,,,False,False,,,,AD42:AE42,16.05,3.77734375
Cover,AF42,42,32,AF,n,False,,,19,General,Aptos,12.0,False,False,,,,00000000,,center,,0,,medium,,,False,False,,,,,16.05,3.77734375
Cover,B43,43,2,B,n,False,,,94,General,Aptos,12.0,False,False,,,,00000000,center,center,,0,thin,,,,False,False,,,,B43:E43,15.75,3.77734375
Cover,F43,43,6,F,n,False,,,95,General,Aptos,12.0,False,False,,,,00000000,center,center,,0,,,,,False,False,,,,F43:H43,15.75,3.77734375
Cover,I43,43,9,I,n,False,,,95,General,Aptos,12.0,False,False,,,,00000000,center,center,,0,,,,,False,False,,,,I43:Y43,15.75,5.21875
Cover,Z43,43,26,Z,n,False,,,95,General,Aptos,12.0,False,False,,,,00000000,center,center,,0,,,,,False,False,,,,Z43:AA43,15.75,6.21875
Cover,AB43,43,28,AB,n,False,,,95,General,Aptos,12.0,False,False,,,,00000000,center,center,,0,,,,,False,False,,,,AB43:AC43,15.75,3.77734375
Cover,AD43,43,30,AD,n,False,,,103,General,Aptos,12.0,False,False,,,,00000000,center,center,,0,,thin,,,False,False,,,,AD43:AE43,15.75,3.77734375
Cover,AF43,43,32,AF,n,False,,,19,General,Aptos,12.0,False,False,,,,00000000,,center,,0,,medium,,,False,False,,,,,15.75,3.77734375
Cover,B44,44,2,B,n,True,,,108,d-mmm-yy,Aptos,12.0,False,False,,,,00000000,center,center,,0,thin,,,,False,False,,,,B44:E44,16.05,3.77734375
Cover,F44,44,6,F,n,False,,,95,General,Aptos,12.0,False,False,,,,00000000,center,center,,0,,,,,False,False,,,,F44:H44,16.05,3.77734375
Cover,I44,44,9,I,n,False,,,95,General,Aptos,12.0,False,False,,,,00000000,center,center,,0,,,,,False,False,,,,I44:Y44,16.05,5.21875
Cover,Z44,44,26,Z,n,False,,,95,General,Aptos,12.0,False,False,,,,00000000,center,center,,0,,,,,False,False,,,,Z44:AA44,16.05,6.21875
Cover,AB44,44,28,AB,n,False,,,95,General,Aptos,12.0,False,False,,,,00000000,center,center,,0,,,,,False,False,,,,AB44:AC44,16.05,3.77734375
Cover,AD44,44,30,AD,n,False,,,103,General,Aptos,12.0,False,False,,,,00000000,center,center,,0,,thin,,,False,False,,,,AD44:AE44,16.05,3.77734375
Cover,AF44,44,32,AF,n,False,,,19,General,Aptos,12.0,False,False,,,,00000000,,center,,0,,medium,,,False,False,,,,,16.05,3.77734375
Cover,B45,45,2,B,f,False,=H61,=H61,109,d-mmm-yy,Aptos,12.0,False,False,,,,00000000,center,center,,0,thin,thin,thin,thin,False,False,,,,B45:E46,20.25,3.77734375
Cover,F45,45,6,F,s,False,A,,107,General,Aptos,12.0,False,False,,,,00000000,center,center,,0,thin,thin,thin,thin,False,False,,,,F45:H46,20.25,3.77734375
Cover,I45,45,9,I,s,False,FOR INFORMATION,,107,General,Aptos,12.0,False,False,,,,00000000,center,center,,0,thin,thin,thin,thin,False,False,,,,I45:Y46,20.25,5.21875
Cover,Z45,45,26,Z,n,False,,,104,General,Aptos,12.0,False,False,,,,00000000,left,center,,0,thin,thin,thin,thin,False,False,,,,Z45:AA45,20.25,6.21875
Cover,AB45,45,28,AB,n,False,,,104,General,Aptos,12.0,False,False,,,,00000000,left,center,,0,thin,thin,thin,thin,False,False,,,,AB45:AC45,20.25,3.77734375
Cover,AD45,45,30,AD,n,False,,,104,General,Aptos,12.0,False,False,,,,00000000,left,center,,0,thin,thin,thin,thin,False,False,,,,AD45:AE45,20.25,3.77734375
Cover,AF45,45,32,AF,n,False,,,19,General,Aptos,12.0,False,False,,,,00000000,,center,,0,,medium,,,False,False,,,,,20.25,3.77734375
Cover,Z46,46,26,Z,f,False,=D61,=D61,106,General,Aptos,12.0,False,False,,,,00000000,center,center,,0,thin,thin,thin,thin,False,False,,,,Z46:AA46,16.05,6.21875
Cover,AB46,46,28,AB,f,False,=D62,=D62,106,General,Aptos,12.0,False,False,,,,00000000,center,center,,0,thin,thin,thin,thin,False,False,,,,AB46:AC46,16.05,3.77734375
Cover,AD46,46,30,AD,f,False,=D63,=D63,106,General,Aptos,12.0,False,False,,,,00000000,center,center,,0,thin,thin,thin,thin,False,False,,,,AD46:AE46,16.05,3.77734375
Cover,AF46,46,32,AF,n,False,,,19,General,Aptos,12.0,False,False,,,,00000000,,center,,0,,medium,,,False,False,,,,,16.05,3.77734375
Cover,B47,47,2,B,s,False,DATE,,101,General,Aptos,10.0,True,False,,,,00000000,center,center,,0,thin,thin,thin,thin,True,False,,,,B47:E47,18.75,3.77734375
Cover,F47,47,6,F,s,False,REV. NO.,,101,General,Aptos,10.0,True,False,,,,00000000,center,center,,0,thin,thin,thin,thin,True,False,,,,F47:H47,18.75,3.77734375
Cover,I47,47,9,I,s,False,DESCRIPTION,,101,General,Aptos,10.0,True,False,,,,00000000,center,center,,0,thin,thin,thin,thin,True,False,,,,I47:Y47,18.75,5.21875
Cover,Z47,47,26,Z,s,False,PREPARED,,101,General,Aptos,10.0,True,False,,,,00000000,center,center,,0,thin,thin,thin,thin,True,False,,,,Z47:AA47,18.75,6.21875
Cover,AB47,47,28,AB,s,False,CHECKED,,101,General,Aptos,10.0,True,False,,,,00000000,center,center,,0,thin,thin,thin,thin,True,False,,,,AB47:AC47,18.75,3.77734375
Cover,AD47,47,30,AD,s,False,APPROVED,,101,General,Aptos,10.0,True,False,,,,00000000,center,center,,0,thin,thin,thin,thin,True,False,,,,AD47:AE47,18.75,3.77734375
Cover,AF47,47,32,AF,n,False,,,19,General,Aptos,12.0,False,False,,,,00000000,,center,,0,,medium,,,False,False,,,,,18.75,3.77734375
Cover,B48,48,2,B,n,False,,,22,General,Aptos,12.0,False,False,,,,00000000,,center,,0,thin,,,,True,False,,,,,24.0,3.77734375
Cover,C48,48,3,C,n,False,,,60,General,Aptos,12.0,False,False,,,,00000000,,center,,0,,,,,True,False,,,,,24.0,5.0
Cover,D48,48,4,D,n,False,,,60,General,Aptos,12.0,False,False,,,,00000000,,center,,0,,,,,True,False,,,,,24.0,4.77734375
Cover,E48,48,5,E,n,False,,,60,General,Aptos,12.0,False,False,,,,00000000,,center,,0,,,,,True,False,,,,,24.0,7.21875
Cover,F48,48,6,F,n,False,,,60,General,Aptos,12.0,False,False,,,,00000000,,center,,0,,,,,True,False,,,,,24.0,3.77734375
Cover,G48,48,7,G,n,False,,,60,General,Aptos,12.0,False,False,,,,00000000,,center,,0,,,,,True,False,,,,,24.0,7.21875
Cover,H48,48,8,H,s,False,"L&T CONSTRUCTION
WATER & EFFLUENT TREATMENT - WATER SUPPLY & DISTRIBUTION",,110,General,Aptos,14.0,True,False,,,,00000000,left,center,True,0,,,,,True,False,,,,H48:AA49,24.0,5.44140625
Cover,AB48,48,28,AB,n,False,,,60,General,Aptos,12.0,False,False,,,,00000000,,center,,0,,,,,True,False,,,,,24.0,3.77734375
Cover,AC48,48,29,AC,n,False,,,60,General,Aptos,12.0,False,False,,,,00000000,,center,,0,,,,,True,False,,,,,24.0,7.0
Cover,AD48,48,30,AD,n,False,,,60,General,Aptos,12.0,False,False,,,,00000000,,center,,0,,,,,True,False,,,,,24.0,3.77734375
Cover,AE48,48,31,AE,n,False,,,23,General,Aptos,12.0,False,False,,,,00000000,,center,,0,,thin,,,True,False,,,,,24.0,7.77734375
Cover,AF48,48,32,AF,n,False,,,19,General,Aptos,12.0,False,False,,,,00000000,,center,,0,,medium,,,False,False,,,,,24.0,3.77734375
Cover,B49,49,2,B,n,False,,,22,General,Aptos,12.0,False,False,,,,00000000,,center,,0,thin,,,,True,False,,,,,31.5,3.77734375
Cover,C49,49,3,C,n,False,,,60,General,Aptos,12.0,False,False,,,,00000000,,center,,0,,,,,True,False,,,,,31.5,5.0
Cover,D49,49,4,D,n,False,,,60,General,Aptos,12.0,False,False,,,,00000000,,center,,0,,,,,True,False,,,,,31.5,4.77734375
Cover,E49,49,5,E,n,False,,,60,General,Aptos,12.0,False,False,,,,00000000,,center,,0,,,,,True,False,,,,,31.5,7.21875
Cover,F49,49,6,F,n,False,,,60,General,Aptos,12.0,False,False,,,,00000000,,center,,0,,,,,True,False,,,,,31.5,3.77734375
Cover,G49,49,7,G,n,False,,,60,General,Aptos,12.0,False,False,,,,00000000,,center,,0,,,,,True,False,,,,,31.5,7.21875
Cover,AB49,49,28,AB,n,False,,,60,General,Aptos,12.0,False,False,,,,00000000,,center,,0,,,,,True,False,,,,,31.5,3.77734375
Cover,AC49,49,29,AC,n,False,,,60,General,Aptos,12.0,False,False,,,,00000000,,center,,0,,,,,True,False,,,,,31.5,7.0
Cover,AD49,49,30,AD,n,False,,,60,General,Aptos,12.0,False,False,,,,00000000,,center,,0,,,,,True,False,,,,,31.5,3.77734375
Cover,AE49,49,31,AE,n,False,,,23,General,Aptos,12.0,False,False,,,,00000000,,center,,0,,thin,,,True,False,,,,,31.5,7.77734375
Cover,AF49,49,32,AF,n,False,,,19,General,Aptos,12.0,False,False,,,,00000000,,center,,0,,medium,,,False,False,,,,,31.5,3.77734375
Cover,B50,50,2,B,s,False,CLIENT :,,97,General,Aptos,12.0,True,False,,,,00000000,left,center,,0,thin,,thin,,True,False,,,,B50:C50,16.05,3.77734375
Cover,D50,50,4,D,n,False,,,111,General,Aptos,12.0,False,False,,,,00000000,left,center,,0,,,thin,,True,False,,,,D50:O50,16.05,4.77734375
Cover,P50,50,16,P,n,False,,,24,General,Aptos,10.0,True,False,,,,00000000,left,center,,0,,,thin,,True,False,,,,,16.05,6.21875
Cover,Q50,50,17,Q,n,False,,,25,General,Aptos,10.0,True,False,,,,00000000,left,center,,0,,thin,thin,,True,False,,,,,16.05,4.77734375
Cover,R50,50,18,R,s,False,CONSULTANT,,26,General,Aptos,12.0,True,False,,,,00000000,,center,,0,thin,,thin,,True,False,,,,,16.05,3.77734375
Cover,S50,50,19,S,n,False,,,27,General,Aptos,10.0,True,False,,,,00000000,,center,,0,,,thin,,True,False,,,,,16.05,13.0
Cover,T50,50,20,T,n,False,,,27,General,Aptos,10.0,True,False,,,,00000000,,center,,0,,,thin,,True,False,,,,,16.05,13.0
Cover,U50,50,21,U,n,False,,,145,General,Aptos,10.0,True,False,,,,00000000,center,center,,0,,,thin,,True,False,,,,,16.05,8.5546875
Cover,V50,50,22,V,n,False,,,145,General,Aptos,10.0,True,False,,,,00000000,center,center,,0,,,thin,,True,False,,,,,16.05,3.77734375
Cover,W50,50,23,W,n,False,,,145,General,Aptos,10.0,True,False,,,,00000000,center,center,,0,,,thin,,True,False,,,,,16.05,13.0
Cover,X50,50,24,X,n,False,,,145,General,Aptos,10.0,True,False,,,,00000000,center,center,,0,,,thin,,True,False,,,,,16.05,13.0
Cover,Y50,50,25,Y,n,False,,,145,General,Aptos,10.0,True,False,,,,00000000,center,center,,0,,,thin,,True,False,,,,,16.05,5.21875
Cover,Z50,50,26,Z,n,False,,,145,General,Aptos,10.0,True,False,,,,00000000,center,center,,0,,,thin,,True,False,,,,,16.05,6.21875
Cover,AA50,50,27,AA,n,False,,,145,General,Aptos,10.0,True,False,,,,00000000,center,center,,0,,,thin,,True,False,,,,,16.05,5.77734375
Cover,AB50,50,28,AB,n,False,,,145,General,Aptos,10.0,True,False,,,,00000000,center,center,,0,,,thin,,True,False,,,,,16.05,3.77734375
Cover,AC50,50,29,AC,n,False,,,145,General,Aptos,10.0,True,False,,,,00000000,center,center,,0,,,thin,,True,False,,,,,16.05,7.0
Cover,AD50,50,30,AD,n,False,,,145,General,Aptos,10.0,True,False,,,,00000000,center,center,,0,,,thin,,True,False,,,,,16.05,3.77734375
Cover,AE50,50,31,AE,n,False,,,144,General,Aptos,10.0,True,False,,,,00000000,center,center,,0,,thin,thin,,True,False,,,,,16.05,7.77734375
Cover,AF50,50,32,AF,n,False,,,19,General,Aptos,12.0,False,False,,,,00000000,,center,,0,,medium,,,False,False,,,,,16.05,3.77734375
Cover,B51,51,2,B,s,False,                                        PUNJAB WATER SUPPLY & SEWERAGE BOARD,,184,General,Aptos,12.0,True,False,,,,00000000,,center,True,0,thin,thin,,thin,False,False,,,,B51:Q53,16.05,3.77734375
Cover,R51,51,18,R,s,False,-,,185,General,Aptos,12.0,True,False,,,,00000000,center,center,True,0,thin,thin,,thin,False,False,,,,R51:AE53,16.05,3.77734375
Cover,AF51,51,32,AF,n,False,,,19,General,Aptos,12.0,False,False,,,,00000000,,center,,0,,medium,,,False,False,,,,,16.05,3.77734375
Cover,AF52,52,32,AF,n,False,,,19,General,Aptos,12.0,False,False,,,,00000000,,center,,0,,medium,,,False,False,,,,,16.05,3.77734375
Cover,AF53,53,32,AF,n,False,,,19,General,Aptos,12.0,False,False,,,,00000000,,center,,0,,medium,,,False,False,,,,,16.05,3.77734375
Cover,B54,54,2,B,s,False,PROJECT :,,97,General,Aptos,12.0,True,False,,,,00000000,left,center,,0,thin,,thin,,True,False,,,,B54:D54,16.05,3.77734375
Cover,E54,54,5,E,n,False,,,100,General,Aptos,12.0,True,False,,,,00000000,left,center,,0,,thin,thin,,False,False,,,,E54:AE54,16.05,7.21875
Cover,AF54,54,32,AF,n,False,,,19,General,Aptos,12.0,False,False,,,,00000000,,center,,0,,medium,,,False,False,,,,,16.05,3.77734375
Cover,B55,55,2,B,s,False,"PROVIDING OF 24 X 7 DRINKING WATER SUPPLY INCLUDING 115 MLD WATER TREATMENT PLANT & ITS ALLIED WORKS INCLUDING O & M OF 10 YEARS AT PATIALA, PUNJAB (UNDER AMRUT)",,186,General,Aptos,12.0,True,False,,,,00000000,left,center,True,0,thin,thin,,thin,False,False,,,,B55:AE55,68.25,3.77734375
Cover,AF55,55,32,AF,n,False,,,19,General,Aptos,12.0,False,False,,,,00000000,,center,,0,,medium,,,False,False,,,,,68.25,3.77734375
Cover,B56,56,2,B,s,False,SUPPLIER / CONTRACTOR:,,187,General,Aptos,10.0,True,False,,,,00000000,left,center,,0,thin,thin,thin,thin,True,False,,,,B56:AE56,16.05,3.77734375
Cover,AF56,56,32,AF,n,False,,,19,General,Aptos,12.0,False,False,,,,00000000,,center,,0,,medium,,,False,False,,,,,16.05,3.77734375
Cover,B57,57,2,B,s,False,L&T CONSTRUCTION - WATER & EFFLUENT TREATMENT IC,,188,General,Aptos,12.0,False,False,,,,00000000,left,center,,0,thin,thin,thin,,False,False,,,,B57:AE57,16.05,3.77734375
Cover,AF57,57,32,AF,n,False,,,19,General,Aptos,12.0,False,False,,,,00000000,,center,,0,,medium,,,False,False,,,,,16.05,3.77734375
Cover,B58,58,2,B,s,False,Job No,,135,General,Aptos,9.0,True,False,,,,00000000,center,center,,0,thin,,thin,thin,True,False,,,,B58:C58,21.0,3.77734375
Cover,D58,58,4,D,n,False,,,30,General,Aptos,12.0,True,False,,,,00000000,,center,,0,,,thin,thin,False,False,,,,,21.0,4.77734375
Cover,E58,58,5,E,s,False,LE20M034,,30,General,Aptos,12.0,True,False,,,,00000000,,center,,0,,,thin,thin,False,False,,,,,21.0,7.21875
Cover,F58,58,6,F,n,False,,,31,General,Aptos,12.0,True,False,,FFFF0000,,00000000,,center,,0,,,thin,thin,False,False,,,,,21.0,3.77734375
Cover,G58,58,7,G,n,False,,,30,General,Aptos,12.0,True,False,,,,00000000,,center,,0,,,thin,thin,False,False,,,,,21.0,7.21875
Cover,H58,58,8,H,n,False,,,30,General,Aptos,12.0,True,False,,,,00000000,,center,,0,,,thin,thin,False,False,,,,,21.0,5.44140625
Cover,I58,58,9,I,n,False,,,30,General,Aptos,12.0,True,False,,,,00000000,,center,,0,,,thin,thin,False,False,,,,,21.0,5.21875
Cover,J58,58,10,J,n,False,,,30,General,Aptos,12.0,True,False,,,,00000000,,center,,0,,,thin,thin,False,False,,,,,21.0,2.77734375
Cover,K58,58,11,K,n,False,,,30,General,Aptos,12.0,True,False,,,,00000000,,center,,0,,,thin,thin,False,False,,,,,21.0,5.77734375
Cover,L58,58,12,L,n,False,,,30,General,Aptos,12.0,True,False,,,,00000000,,center,,0,,,thin,thin,False,False,,,,,21.0,3.77734375
Cover,M58,58,13,M,n,False,,,30,General,Aptos,12.0,True,False,,,,00000000,,center,,0,,,thin,thin,False,False,,,,,21.0,4.21875
Cover,N58,58,14,N,n,False,,,30,General,Aptos,12.0,True,False,,,,00000000,,center,,0,,,thin,thin,False,False,,,,,21.0,3.77734375
Cover,O58,58,15,O,n,False,,,30,General,Aptos,12.0,True,False,,,,00000000,,center,,0,,,thin,thin,False,False,,,,,21.0,13.0
Cover,P58,58,16,P,n,False,,,30,General,Aptos,12.0,True,False,,,,00000000,,center,,0,,,thin,thin,False,False,,,,,21.0,6.21875
Cover,Q58,58,17,Q,n,False,,,30,General,Aptos,12.0,True,False,,,,00000000,,center,,0,,,thin,thin,False,False,,,,,21.0,4.77734375
Cover,R58,58,18,R,n,False,,,30,General,Aptos,12.0,True,False,,,,00000000,,center,,0,,,thin,thin,False,False,,,,,21.0,3.77734375
Cover,S58,58,19,S,n,False,,,30,General,Aptos,12.0,True,False,,,,00000000,,center,,0,,,thin,thin,False,False,,,,,21.0,13.0
Cover,T58,58,20,T,n,False,,,30,General,Aptos,12.0,True,False,,,,00000000,,center,,0,,,thin,thin,False,False,,,,,21.0,13.0
Cover,U58,58,21,U,n,False,,,30,General,Aptos,12.0,True,False,,,,00000000,,center,,0,,,thin,thin,False,False,,,,,21.0,8.5546875
Cover,V58,58,22,V,n,False,,,30,General,Aptos,12.0,True,False,,,,00000000,,center,,0,,,thin,thin,False,False,,,,,21.0,3.77734375
Cover,W58,58,23,W,n,False,,,30,General,Aptos,12.0,True,False,,,,00000000,,center,,0,,,thin,thin,False,False,,,,,21.0,13.0
Cover,X58,58,24,X,n,False,,,30,General,Aptos,12.0,True,False,,,,00000000,,center,,0,,,thin,thin,False,False,,,,,21.0,13.0
Cover,Y58,58,25,Y,n,False,,,30,General,Aptos,12.0,True,False,,,,00000000,,center,,0,,,thin,thin,False,False,,,,,21.0,5.21875
Cover,Z58,58,26,Z,n,False,,,30,General,Aptos,12.0,True,False,,,,00000000,,center,,0,,,thin,thin,False,False,,,,,21.0,6.21875
Cover,AA58,58,27,AA,n,False,,,30,General,Aptos,12.0,True,False,,,,00000000,,center,,0,,,thin,thin,False,False,,,,,21.0,5.77734375
Cover,AB58,58,28,AB,n,False,,,30,General,Aptos,12.0,True,False,,,,00000000,,center,,0,,,thin,thin,False,False,,,,,21.0,3.77734375
Cover,AC58,58,29,AC,n,False,,,30,General,Aptos,12.0,True,False,,,,00000000,,center,,0,,,thin,thin,False,False,,,,,21.0,7.0
Cover,AD58,58,30,AD,n,False,,,30,General,Aptos,12.0,True,False,,,,00000000,,center,,0,,,thin,thin,False,False,,,,,21.0,3.77734375
Cover,AE58,58,31,AE,n,False,,,32,General,Aptos,12.0,True,False,,,,00000000,,center,,0,,thin,thin,thin,False,False,,,,,21.0,7.77734375
Cover,AF58,58,32,AF,n,False,,,19,General,Aptos,12.0,False,False,,,,00000000,,center,,0,,medium,,,False,False,,,,,21.0,3.77734375
Cover,A59,59,1,A,n,False,,,33,General,Aptos,10.0,False,False,,,,00000000,justify,justify,True,90,medium,,,,False,False,,,,,15.75,6.5546875
Cover,B59,59,2,B,n,False,,,187,General,Aptos,10.0,True,False,,,,00000000,left,center,,0,thin,thin,thin,thin,True,False,,,,B59:G59,15.75,3.77734375
Cover,H59,59,8,H,n,False,,,107,General,Aptos,12.0,False,False,,,,00000000,center,center,,0,thin,thin,thin,thin,False,False,,,,H59:I59,15.75,5.44140625
Cover,J59,59,10,J,s,False,TITLE :,,187,General,Aptos,10.0,True,False,,,,00000000,left,center,,0,thin,thin,thin,thin,True,False,,,,J59:AE59,15.75,2.77734375
Cover,AF59,59,32,AF,n,False,,,19,General,Aptos,12.0,False,False,,,,00000000,,center,,0,,medium,,,False,False,,,,,15.75,3.77734375
Cover,A60,60,1,A,n,False,,,33,General,Aptos,10.0,False,False,,,,00000000,justify,justify,True,90,medium,,,,False,False,,,,,16.05,6.5546875
Cover,B60,60,2,B,n,False,,,107,General,Aptos,12.0,False,False,,,,00000000,center,center,,0,thin,thin,thin,thin,False,False,,,,B60:C60,16.05,3.77734375
Cover,D60,60,4,D,s,False,NAME,,101,General,Aptos,10.0,True,False,,,,00000000,center,center,,0,thin,thin,thin,thin,True,False,,,,D60:E60,16.05,4.77734375
Cover,F60,60,6,F,s,False,SIGN,,101,General,Aptos,10.0,True,False,,,,00000000,center,center,,0,thin,thin,thin,thin,True,False,,,,F60:G60,16.05,3.77734375
Cover,H60,60,8,H,s,False,DATE,,101,General,Aptos,10.0,True,False,,,,00000000,center,center,,0,thin,thin,thin,thin,True,False,,,,H60:I60,16.05,5.44140625
Cover,J60,60,10,J,s,False,INSTRUMENTATION CABLE INTERCONNECTION SCHEDULE FOR WTP,,189,General,Aptos,14.0,True,False,,,,00000000,center,center,True,0,thin,thin,thin,thin,False,False,,,,J60:AE63,16.05,2.77734375
Cover,AF60,60,32,AF,n,False,,,19,General,Aptos,12.0,False,False,,,,00000000,,center,,0,,medium,,,False,False,,,,,16.05,3.77734375
Cover,AL60,60,38,AL,n,False,,,34,General,Aptos,16.0,False,False,,FFFF0000,,00000000,,,,0,,,,,True,False,,,,,16.05,13.0
Cover,A61,61,1,A,n,False,,,33,General,Aptos,10.0,False,False,,,,00000000,justify,justify,True,90,medium,,,,False,False,,,,,23.1,6.5546875
Cover,B61,61,2,B,s,False,PRED,,101,General,Aptos,10.0,True,False,,,,00000000,center,center,,0,thin,thin,thin,thin,True,False,,,,B61:C61,23.1,3.77734375
Cover,D61,61,4,D,s,False,MZK,,139,General,Aptos,10.0,False,False,,,,00000000,center,center,,0,thin,thin,thin,thin,False,False,,,,D61:E61,23.1,4.77734375
Cover,F61,61,6,F,n,False,,,140,General,Aptos,9.0,False,False,,,,00000000,center,center,,0,thin,thin,thin,thin,False,False,,,,F61:G61,23.1,3.77734375
Cover,H61,61,8,H,d,True,2026-01-01 00:00:00,,141,[$-14009]dd/mm/yy;@,Aptos,12.0,False,False,,,,00000000,center,center,,0,thin,thin,thin,thin,False,False,,,,H61:I61,23.1,5.44140625
Cover,AF61,61,32,AF,n,False,,,19,General,Aptos,12.0,False,False,,,,00000000,,center,,0,,medium,,,False,False,,,,,23.1,3.77734375
Cover,A62,62,1,A,n,False,,,33,General,Aptos,10.0,False,False,,,,00000000,justify,justify,True,90,medium,,,,False,False,,,,,23.1,6.5546875
Cover,B62,62,2,B,s,False,CHKD,,101,General,Aptos,10.0,True,False,,,,00000000,center,center,,0,thin,thin,thin,thin,True,False,,,,B62:C62,23.1,3.77734375
Cover,D62,62,4,D,s,False,PN,,139,General,Aptos,10.0,False,False,,,,00000000,center,center,,0,thin,thin,thin,thin,False,False,,,,D62:E62,23.1,4.77734375
Cover,F62,62,6,F,n,False,,,140,General,Aptos,9.0,False,False,,,,00000000,center,center,,0,thin,thin,thin,thin,False,False,,,,F62:G62,23.1,3.77734375
Cover,H62,62,8,H,f,False,=H61+1,=H61+1,141,[$-14009]dd/mm/yy;@,Aptos,12.0,False,False,,,,00000000,center,center,,0,thin,thin,thin,thin,False,False,,,,H62:I62,23.1,5.44140625
Cover,AF62,62,32,AF,n,False,,,19,General,Aptos,12.0,False,False,,,,00000000,,center,,0,,medium,,,False,False,,,,,23.1,3.77734375
Cover,A63,63,1,A,n,False,,,33,General,Aptos,10.0,False,False,,,,00000000,justify,justify,True,90,medium,,,,False,False,,,,,23.1,6.5546875
Cover,B63,63,2,B,s,False,APPD,,101,General,Aptos,10.0,True,False,,,,00000000,center,center,,0,thin,thin,thin,thin,True,False,,,,B63:C63,23.1,3.77734375
Cover,D63,63,4,D,s,False,RPV,,139,General,Aptos,10.0,False,False,,,,00000000,center,center,,0,thin,thin,thin,thin,False,False,,,,D63:E63,23.1,4.77734375
Cover,F63,63,6,F,n,False,,,140,General,Aptos,9.0,False,False,,,,00000000,center,center,,0,thin,thin,thin,thin,False,False,,,,F63:G63,23.1,3.77734375
Cover,H63,63,8,H,f,False,=H62+1,=H62+1,141,[$-14009]dd/mm/yy;@,Aptos,12.0,False,False,,,,00000000,center,center,,0,thin,thin,thin,thin,False,False,,,,H63:I63,23.1,5.44140625
Cover,AF63,63,32,AF,n,False,,,19,General,Aptos,12.0,False,False,,,,00000000,,center,,0,,medium,,,False,False,,,,,23.1,3.77734375
Cover,A64,64,1,A,n,False,,,33,General,Aptos,10.0,False,False,,,,00000000,justify,justify,True,90,medium,,,,False,False,,,,,16.05,6.5546875
Cover,B64,64,2,B,n,False,,,35,General,Aptos,12.0,False,False,,,,00000000,,center,,0,thin,,thin,,False,False,,,,,16.05,3.77734375
Cover,C64,64,3,C,n,False,,,36,General,Aptos,12.0,False,False,,,,00000000,,center,,0,,,thin,,False,False,,,,,16.05,5.0
Cover,D64,64,4,D,n,False,,,36,General,Aptos,12.0,False,False,,,,00000000,,center,,0,,,thin,,False,False,,,,,16.05,4.77734375
Cover,E64,64,5,E,n,False,,,36,General,Aptos,12.0,False,False,,,,00000000,,center,,0,,,thin,,False,False,,,,,16.05,7.21875
Cover,F64,64,6,F,n,False,,,36,General,Aptos,12.0,False,False,,,,00000000,,center,,0,,,thin,,False,False,,,,,16.05,3.77734375
Cover,G64,64,7,G,n,False,,,36,General,Aptos,12.0,False,False,,,,00000000,,center,,0,,,thin,,False,False,,,,,16.05,7.21875
Cover,H64,64,8,H,n,False,,,36,General,Aptos,12.0,False,False,,,,00000000,,center,,0,,,thin,,False,False,,,,,16.05,5.44140625
Cover,I64,64,9,I,n,False,,,36,General,Aptos,12.0,False,False,,,,00000000,,center,,0,,,thin,,False,False,,,,,16.05,5.21875
Cover,J64,64,10,J,n,False,,,36,General,Aptos,12.0,False,False,,,,00000000,,center,,0,,,thin,,False,False,,,,,16.05,2.77734375
Cover,K64,64,11,K,n,False,,,36,General,Aptos,12.0,False,False,,,,00000000,,center,,0,,,thin,,False,False,,,,,16.05,5.77734375
Cover,L64,64,12,L,n,False,,,36,General,Aptos,12.0,False,False,,,,00000000,,center,,0,,,thin,,False,False,,,,,16.05,3.77734375
Cover,M64,64,13,M,n,False,,,36,General,Aptos,12.0,False,False,,,,00000000,,center,,0,,,thin,,False,False,,,,,16.05,4.21875
Cover,N64,64,14,N,n,False,,,36,General,Aptos,12.0,False,False,,,,00000000,,center,,0,,,thin,,False,False,,,,,16.05,3.77734375
Cover,O64,64,15,O,n,False,,,36,General,Aptos,12.0,False,False,,,,00000000,,center,,0,,,thin,,False,False,,,,,16.05,13.0
Cover,P64,64,16,P,n,False,,,36,General,Aptos,12.0,False,False,,,,00000000,,center,,0,,,thin,,False,False,,,,,16.05,6.21875
Cover,Q64,64,17,Q,n,False,,,36,General,Aptos,12.0,False,False,,,,00000000,,center,,0,,,thin,,False,False,,,,,16.05,4.77734375
Cover,R64,64,18,R,n,False,,,36,General,Aptos,12.0,False,False,,,,00000000,,center,,0,,,thin,,False,False,,,,,16.05,3.77734375
Cover,S64,64,19,S,n,False,,,36,General,Aptos,12.0,False,False,,,,00000000,,center,,0,,,thin,,False,False,,,,,16.05,13.0
Cover,T64,64,20,T,n,False,,,36,General,Aptos,12.0,False,False,,,,00000000,,center,,0,,,thin,,False,False,,,,,16.05,13.0
Cover,U64,64,21,U,n,False,,,36,General,Aptos,12.0,False,False,,,,00000000,,center,,0,,,thin,,False,False,,,,,16.05,8.5546875
Cover,V64,64,22,V,n,False,,,36,General,Aptos,12.0,False,False,,,,00000000,,center,,0,,,thin,,False,False,,,,,16.05,3.77734375
Cover,W64,64,23,W,n,False,,,36,General,Aptos,12.0,False,False,,,,00000000,,center,,0,,,thin,,False,False,,,,,16.05,13.0
Cover,X64,64,24,X,n,False,,,36,General,Aptos,12.0,False,False,,,,00000000,,center,,0,,,thin,,False,False,,,,,16.05,13.0
Cover,Y64,64,25,Y,n,False,,,36,General,Aptos,12.0,False,False,,,,00000000,,center,,0,,,thin,,False,False,,,,,16.05,5.21875
Cover,Z64,64,26,Z,n,False,,,36,General,Aptos,12.0,False,False,,,,00000000,,center,,0,,,thin,,False,False,,,,,16.05,6.21875
Cover,AA64,64,27,AA,n,False,,,36,General,Aptos,12.0,False,False,,,,00000000,,center,,0,,,thin,,False,False,,,,,16.05,5.77734375
Cover,AB64,64,28,AB,s,False,SIZE,,190,General,Aptos,10.0,True,False,,,,00000000,center,center,,0,thin,thin,thin,,True,False,,,,AB64:AC64,16.05,3.77734375
Cover,AD64,64,30,AD,s,False,REV.,,144,General,Aptos,10.0,True,False,,,,00000000,center,center,,0,,thin,thin,,True,False,,,,AD64:AE64,16.05,3.77734375
Cover,AF64,64,32,AF,n,False,,,19,General,Aptos,12.0,False,False,,,,00000000,,center,,0,,medium,,,False,False,,,,,16.05,3.77734375
Cover,A65,65,1,A,n,False,,,33,General,Aptos,10.0,False,False,,,,00000000,justify,justify,True,90,medium,,,,False,False,,,,,16.05,6.5546875
Cover,B65,65,2,B,s,False,DOC.No.,,37,General,Aptos,10.0,True,False,,,,00000000,,center,,0,thin,,,,True,False,,,,,16.05,3.77734375
Cover,C65,65,3,C,n,False,,,60,General,Aptos,12.0,False,False,,,,00000000,,center,,0,,,,,True,False,,,,,16.05,5.0
Cover,D65,65,4,D,s,False,L,,38,General,Aptos,12.0,False,False,,,,00000000,center,center,,0,thin,thin,thin,thin,False,False,,,,,16.05,4.77734375
Cover,E65,65,5,E,s,False,E,,38,General,Aptos,12.0,False,False,,,,00000000,center,center,,0,thin,thin,thin,thin,False,False,,,,,16.05,7.21875
Cover,F65,65,6,F,n,False,2,,38,General,Aptos,12.0,False,False,,,,00000000,center,center,,0,thin,thin,thin,thin,False,False,,,,,16.05,3.77734375
Cover,G65,65,7,G,n,False,0,,38,General,Aptos,12.0,False,False,,,,00000000,center,center,,0,thin,thin,thin,thin,False,False,,,,,16.05,7.21875
Cover,H65,65,8,H,s,False,M,,38,General,Aptos,12.0,False,False,,,,00000000,center,center,,0,thin,thin,thin,thin,False,False,,,,,16.05,5.44140625
Cover,I65,65,9,I,n,False,0,,38,General,Aptos,12.0,False,False,,,,00000000,center,center,,0,thin,thin,thin,thin,False,False,,,,,16.05,5.21875
Cover,J65,65,10,J,n,False,3,,38,General,Aptos,12.0,False,False,,,,00000000,center,center,,0,thin,thin,thin,thin,False,False,,,,,16.05,2.77734375
Cover,K65,65,11,K,n,False,4,,38,General,Aptos,12.0,False,False,,,,00000000,center,center,,0,thin,thin,thin,thin,False,False,,,,,16.05,5.77734375
Cover,L65,65,12,L,s,False,-,,38,General,Aptos,12.0,False,False,,,,00000000,center,center,,0,thin,thin,thin,thin,False,False,,,,,16.05,3.77734375
Cover,M65,65,13,M,s,False,I,,38,General,Aptos,12.0,False,False,,,,00000000,center,center,,0,thin,thin,thin,thin,False,False,,,,,16.05,4.21875
Cover,N65,65,14,N,s,False,-,,38,General,Aptos,12.0,False,False,,,,00000000,center,center,,0,thin,thin,thin,thin,False,False,,,,,16.05,3.77734375
Cover,O65,65,15,O,s,False,W,,38,General,Aptos,12.0,False,False,,,,00000000,center,center,,0,thin,thin,thin,thin,False,False,,,,,16.05,13.0
Cover,P65,65,16,P,s,False,S,,38,General,Aptos,12.0,False,False,,,,00000000,center,center,,0,thin,thin,thin,thin,False,False,,,,,16.05,6.21875
Cover,Q65,65,17,Q,s,False,-,,38,General,Aptos,12.0,False,False,,,,00000000,center,center,,0,thin,thin,thin,thin,False,False,,,,,16.05,4.77734375
Cover,R65,65,18,R,s,False,C,,38,General,Aptos,12.0,False,False,,,,00000000,center,center,,0,thin,thin,thin,thin,False,False,,,,,16.05,3.77734375
Cover,S65,65,19,S,s,False,W,,38,General,Aptos,12.0,False,False,,,,00000000,center,center,,0,thin,thin,thin,thin,False,False,,,,,16.05,13.0
Cover,T65,65,20,T,s,False,-,,38,General,Aptos,12.0,False,False,,,,00000000,center,center,,0,thin,thin,thin,thin,False,False,,,,,16.05,13.0
Cover,U65,65,21,U,s,False,C,,38,General,Aptos,12.0,False,False,,,,00000000,center,center,,0,thin,thin,thin,thin,False,False,,,,,16.05,8.5546875
Cover,V65,65,22,V,s,False,I,,38,General,Aptos,12.0,False,False,,,,00000000,center,center,,0,thin,thin,thin,thin,False,False,,,,,16.05,3.77734375
Cover,W65,65,23,W,s,False,-,,38,General,Aptos,12.0,False,False,,,,00000000,center,center,,0,thin,thin,thin,thin,False,False,,,,,16.05,13.0
Cover,X65,65,24,X,n,False,5,,38,General,Aptos,12.0,False,False,,,,00000000,center,center,,0,thin,thin,thin,thin,False,False,,,,,16.05,13.0
Cover,Y65,65,25,Y,n,False,0,,38,General,Aptos,12.0,False,False,,,,00000000,center,center,,0,thin,thin,thin,thin,False,False,,,,,16.05,5.21875
Cover,Z65,65,26,Z,n,False,3,,38,General,Aptos,12.0,False,False,,,,00000000,center,center,,0,thin,thin,thin,thin,False,False,,,,,16.05,6.21875
Cover,AA65,65,27,AA,n,False,4,,38,General,Aptos,12.0,False,False,,,,00000000,center,center,,0,thin,thin,thin,thin,False,False,,,,,16.05,5.77734375
Cover,AC65,65,29,AC,s,False,A3,,39,General,Aptos,12.0,False,False,,,,00000000,left,,,0,,thin,,,False,False,,,,,16.05,7.0
Cover,AD65,65,30,AD,n,False,,,94,General,Aptos,12.0,False,False,,,,00000000,center,center,,0,thin,,,,False,False,,,,,16.05,3.77734375
Cover,AE65,65,31,AE,s,False,A,,102,General,Aptos,12.0,False,False,,,,00000000,left,center,,0,,thin,,,False,False,,,,,16.05,7.77734375
Cover,AF65,65,32,AF,n,False,,,19,General,Aptos,12.0,False,False,,,,00000000,,center,,0,,medium,,,False,False,,,,,16.05,3.77734375
Cover,AG65,65,33,AG,n,False,,,40,General,Aptos,12.0,False,False,,Values must be of type <class 'str'>,,00000000,,center,,0,,,,,False,False,,,,,16.05,13.0
Cover,A66,66,1,A,n,False,,,33,General,Aptos,10.0,False,False,,,,00000000,justify,justify,True,90,medium,,,,False,False,,,,,16.05,6.5546875
Cover,B66,66,2,B,n,False,,,41,General,Aptos,12.0,False,False,,,,00000000,,center,,0,thin,,,thin,False,False,,,,,16.05,3.77734375
Cover,C66,66,3,C,n,False,,,42,General,Aptos,12.0,False,False,,,,00000000,,center,,0,,,,thin,False,False,,,,,16.05,5.0
Cover,D66,66,4,D,n,False,,,42,General,Aptos,12.0,False,False,,,,00000000,,center,,0,,,,thin,False,False,,,,,16.05,4.77734375
Cover,E66,66,5,E,n,False,,,42,General,Aptos,12.0,False,False,,,,00000000,,center,,0,,,,thin,False,False,,,,,16.05,7.21875
Cover,F66,66,6,F,n,False,,,42,General,Aptos,12.0,False,False,,,,00000000,,center,,0,,,,thin,False,False,,,,,16.05,3.77734375
Cover,G66,66,7,G,n,False,,,42,General,Aptos,12.0,False,False,,,,00000000,,center,,0,,,,thin,False,False,,,,,16.05,7.21875
Cover,H66,66,8,H,n,False,,,42,General,Aptos,12.0,False,False,,,,00000000,,center,,0,,,,thin,False,False,,,,,16.05,5.44140625
Cover,I66,66,9,I,n,False,,,42,General,Aptos,12.0,False,False,,,,00000000,,center,,0,,,,thin,False,False,,,,,16.05,5.21875
Cover,J66,66,10,J,n,False,,,42,General,Aptos,12.0,False,False,,,,00000000,,center,,0,,,,thin,False,False,,,,,16.05,2.77734375
Cover,K66,66,11,K,n,False,,,42,General,Aptos,12.0,False,False,,,,00000000,,center,,0,,,,thin,False,False,,,,,16.05,5.77734375
Cover,L66,66,12,L,n,False,,,42,General,Aptos,12.0,False,False,,,,00000000,,center,,0,,,,thin,False,False,,,,,16.05,3.77734375
Cover,M66,66,13,M,n,False,,,42,General,Aptos,12.0,False,False,,,,00000000,,center,,0,,,,thin,False,False,,,,,16.05,4.21875
Cover,N66,66,14,N,n,False,,,42,General,Aptos,12.0,False,False,,,,00000000,,center,,0,,,,thin,False,False,,,,,16.05,3.77734375
Cover,O66,66,15,O,n,False,,,42,General,Aptos,12.0,False,False,,,,00000000,,center,,0,,,,thin,False,False,,,,,16.05,13.0
Cover,P66,66,16,P,n,False,,,42,General,Aptos,12.0,False,False,,,,00000000,,center,,0,,,,thin,False,False,,,,,16.05,6.21875
Cover,Q66,66,17,Q,n,False,,,42,General,Aptos,12.0,False,False,,,,00000000,,center,,0,,,,thin,False,False,,,,,16.05,4.77734375
Cover,R66,66,18,R,n,False,,,42,General,Aptos,12.0,False,False,,,,00000000,,center,,0,,,,thin,False,False,,,,,16.05,3.77734375
Cover,S66,66,19,S,n,False,,,42,General,Aptos,12.0,False,False,,,,00000000,,center,,0,,,,thin,False,False,,,,,16.05,13.0
Cover,T66,66,20,T,n,False,,,42,General,Aptos,12.0,False,False,,,,00000000,,center,,0,,,,thin,False,False,,,,,16.05,13.0
Cover,U66,66,21,U,n,False,,,42,General,Aptos,12.0,False,False,,,,00000000,,center,,0,,,,thin,False,False,,,,,16.05,8.5546875
Cover,V66,66,22,V,n,False,,,42,General,Aptos,12.0,False,False,,,,00000000,,center,,0,,,,thin,False,False,,,,,16.05,3.77734375
Cover,W66,66,23,W,n,False,,,42,General,Aptos,12.0,False,False,,,,00000000,,center,,0,,,,thin,False,False,,,,,16.05,13.0
Cover,X66,66,24,X,n,False,,,42,General,Aptos,12.0,False,False,,,,00000000,,center,,0,,,,thin,False,False,,,,,16.05,13.0
Cover,Y66,66,25,Y,n,False,,,42,General,Aptos,12.0,False,False,,,,00000000,,center,,0,,,,thin,False,False,,,,,16.05,5.21875
Cover,Z66,66,26,Z,n,False,,,42,General,Aptos,12.0,False,False,,,,00000000,,center,,0,,,,thin,False,False,,,,,16.05,6.21875
Cover,AA66,66,27,AA,n,False,,,42,General,Aptos,12.0,False,False,,,,00000000,,center,,0,,,,thin,False,False,,,,,16.05,5.77734375
Cover,AB66,66,28,AB,n,False,,,43,General,Aptos,12.0,False,False,,,,00000000,center,center,,0,thin,,,thin,False,False,,,,,16.05,3.77734375
Cover,AC66,66,29,AC,n,False,,,44,General,Aptos,12.0,False,False,,,,00000000,center,center,,0,,thin,,thin,False,False,,,,,16.05,7.0
Cover,AD66,66,30,AD,n,False,,,45,General,Aptos,10.0,True,False,,,,00000000,center,center,,0,thin,,,thin,False,False,,,,,16.05,3.77734375
Cover,AE66,66,31,AE,n,False,,,46,General,Aptos,10.0,True,False,,,,00000000,center,center,,0,,thin,,thin,False,False,,,,,16.05,7.77734375
Cover,AF66,66,32,AF,n,False,,,19,General,Aptos,12.0,False,False,,,,00000000,,center,,0,,medium,,,False,False,,,,,16.05,3.77734375
Cover,A67,67,1,A,n,False,,,33,General,Aptos,10.0,False,False,,,,00000000,justify,justify,True,90,medium,,,,False,False,,,,,10.05,6.5546875
Cover,B67,67,2,B,n,False,,,35,General,Aptos,12.0,False,False,,,,00000000,,center,,0,thin,,thin,,False,False,,,,,10.05,3.77734375
Cover,C67,67,3,C,n,False,,,36,General,Aptos,12.0,False,False,,,,00000000,,center,,0,,,thin,,False,False,,,,,10.05,5.0
Cover,D67,67,4,D,n,False,,,36,General,Aptos,12.0,False,False,,,,00000000,,center,,0,,,thin,,False,False,,,,,10.05,4.77734375
Cover,E67,67,5,E,n,False,,,36,General,Aptos,12.0,False,False,,,,00000000,,center,,0,,,thin,,False,False,,,,,10.05,7.21875
Cover,F67,67,6,F,n,False,,,36,General,Aptos,12.0,False,False,,,,00000000,,center,,0,,,thin,,False,False,,,,,10.05,3.77734375
Cover,G67,67,7,G,n,False,,,36,General,Aptos,12.0,False,False,,,,00000000,,center,,0,,,thin,,False,False,,,,,10.05,7.21875
Cover,H67,67,8,H,n,False,,,36,General,Aptos,12.0,False,False,,,,00000000,,center,,0,,,thin,,False,False,,,,,10.05,5.44140625
Cover,I67,67,9,I,n,False,,,36,General,Aptos,12.0,False,False,,,,00000000,,center,,0,,,thin,,False,False,,,,,10.05,5.21875
Cover,J67,67,10,J,n,False,,,36,General,Aptos,12.0,False,False,,,,00000000,,center,,0,,,thin,,False,False,,,,,10.05,2.77734375
Cover,K67,67,11,K,n,False,,,36,General,Aptos,12.0,False,False,,,,00000000,,center,,0,,,thin,,False,False,,,,,10.05,5.77734375
Cover,L67,67,12,L,n,False,,,36,General,Aptos,12.0,False,False,,,,00000000,,center,,0,,,thin,,False,False,,,,,10.05,3.77734375
Cover,M67,67,13,M,n,False,,,36,General,Aptos,12.0,False,False,,,,00000000,,center,,0,,,thin,,False,False,,,,,10.05,4.21875
Cover,N67,67,14,N,n,False,,,36,General,Aptos,12.0,False,False,,,,00000000,,center,,0,,,thin,,False,False,,,,,10.05,3.77734375
Cover,O67,67,15,O,n,False,,,36,General,Aptos,12.0,False,False,,,,00000000,,center,,0,,,thin,,False,False,,,,,10.05,13.0
Cover,P67,67,16,P,n,False,,,36,General,Aptos,12.0,False,False,,,,00000000,,center,,0,,,thin,,False,False,,,,,10.05,6.21875
Cover,Q67,67,17,Q,n,False,,,36,General,Aptos,12.0,False,False,,,,00000000,,center,,0,,,thin,,False,False,,,,,10.05,4.77734375
Cover,R67,67,18,R,n,False,,,36,General,Aptos,12.0,False,False,,,,00000000,,center,,0,,,thin,,False,False,,,,,10.05,3.77734375
Cover,S67,67,19,S,n,False,,,36,General,Aptos,12.0,False,False,,,,00000000,,center,,0,,,thin,,False,False,,,,,10.05,13.0
Cover,T67,67,20,T,n,False,,,36,General,Aptos,12.0,False,False,,,,00000000,,center,,0,,,thin,,False,False,,,,,10.05,13.0
Cover,U67,67,21,U,n,False,,,36,General,Aptos,12.0,False,False,,,,00000000,,center,,0,,,thin,,False,False,,,,,10.05,8.5546875
Cover,V67,67,22,V,n,False,,,36,General,Aptos,12.0,False,False,,,,00000000,,center,,0,,,thin,,False,False,,,,,10.05,3.77734375
Cover,W67,67,23,W,n,False,,,36,General,Aptos,12.0,False,False,,,,00000000,,center,,0,,,thin,,False,False,,,,,10.05,13.0
Cover,X67,67,24,X,n,False,,,36,General,Aptos,12.0,False,False,,,,00000000,,center,,0,,,thin,,False,False,,,,,10.05,13.0
Cover,Y67,67,25,Y,n,False,,,36,General,Aptos,12.0,False,False,,,,00000000,,center,,0,,,thin,,False,False,,,,,10.05,5.21875
Cover,Z67,67,26,Z,n,False,,,36,General,Aptos,12.0,False,False,,,,00000000,,center,,0,,,thin,,False,False,,,,,10.05,6.21875
Cover,AA67,67,27,AA,n,False,,,36,General,Aptos,12.0,False,False,,,,00000000,,center,,0,,,thin,,False,False,,,,,10.05,5.77734375
Cover,AB67,67,28,AB,n,False,,,36,General,Aptos,12.0,False,False,,,,00000000,,center,,0,,,thin,,False,False,,,,,10.05,3.77734375
Cover,AC67,67,29,AC,n,False,,,36,General,Aptos,12.0,False,False,,,,00000000,,center,,0,,,thin,,False,False,,,,,10.05,7.0
Cover,AD67,67,30,AD,n,False,,,36,General,Aptos,12.0,False,False,,,,00000000,,center,,0,,,thin,,False,False,,,,,10.05,3.77734375
Cover,AE67,67,31,AE,n,False,,,47,General,Aptos,12.0,False,False,,,,00000000,,center,,0,,thin,thin,,False,False,,,,,10.05,7.77734375
Cover,AF67,67,32,AF,n,False,,,19,General,Aptos,12.0,False,False,,,,00000000,,center,,0,,medium,,,False,False,,,,,10.05,3.77734375
Cover,A68,68,1,A,n,False,,,33,General,Aptos,10.0,False,False,,,,00000000,justify,justify,True,90,medium,,,,False,False,,,,,10.05,6.5546875
Cover,B68,68,2,B,n,False,,,17,General,Aptos,12.0,False,False,,,,00000000,,center,,0,thin,,,,False,False,,,,,10.05,3.77734375
Cover,F68,68,6,F,n,False,,,35,General,Aptos,12.0,False,False,,,,00000000,,center,,0,thin,,thin,,False,False,,,,,10.05,3.77734375
Cover,G68,68,7,G,n,False,,,36,General,Aptos,12.0,False,False,,,,00000000,,center,,0,,,thin,,False,False,,,,,10.05,7.21875
Cover,H68,68,8,H,n,False,,,36,General,Aptos,12.0,False,False,,,,00000000,,center,,0,,,thin,,False,False,,,,,10.05,5.44140625
Cover,I68,68,9,I,n,False,,,36,General,Aptos,12.0,False,False,,,,00000000,,center,,0,,,thin,,False,False,,,,,10.05,5.21875
Cover,J68,68,10,J,n,False,,,36,General,Aptos,12.0,False,False,,,,00000000,,center,,0,,,thin,,False,False,,,,,10.05,2.77734375
Cover,K68,68,11,K,n,False,,,36,General,Aptos,12.0,False,False,,,,00000000,,center,,0,,,thin,,False,False,,,,,10.05,5.77734375
Cover,L68,68,12,L,n,False,,,47,General,Aptos,12.0,False,False,,,,00000000,,center,,0,,thin,thin,,False,False,,,,,10.05,3.77734375
Cover,M68,68,13,M,n,False,,,35,General,Aptos,12.0,False,False,,,,00000000,,center,,0,thin,,thin,,False,False,,,,,10.05,4.21875
Cover,N68,68,14,N,n,False,,,36,General,Aptos,12.0,False,False,,,,00000000,,center,,0,,,thin,,False,False,,,,,10.05,3.77734375
Cover,O68,68,15,O,n,False,,,36,General,Aptos,12.0,False,False,,,,00000000,,center,,0,,,thin,,False,False,,,,,10.05,13.0
Cover,P68,68,16,P,n,False,,,47,General,Aptos,12.0,False,False,,,,00000000,,center,,0,,thin,thin,,False,False,,,,,10.05,6.21875
Cover,Q68,68,17,Q,n,False,,,35,General,Aptos,12.0,False,False,,,,00000000,,center,,0,thin,,thin,,False,False,,,,,10.05,4.77734375
Cover,R68,68,18,R,n,False,,,36,General,Aptos,12.0,False,False,,,,00000000,,center,,0,,,thin,,False,False,,,,,10.05,3.77734375
Cover,S68,68,19,S,n,False,,,36,General,Aptos,12.0,False,False,,,,00000000,,center,,0,,,thin,,False,False,,,,,10.05,13.0
Cover,T68,68,20,T,n,False,,,36,General,Aptos,12.0,False,False,,,,00000000,,center,,0,,,thin,,False,False,,,,,10.05,13.0
Cover,U68,68,21,U,n,False,,,47,General,Aptos,12.0,False,False,,,,00000000,,center,,0,,thin,thin,,False,False,,,,,10.05,8.5546875
Cover,V68,68,22,V,n,False,,,35,General,Aptos,12.0,False,False,,,,00000000,,center,,0,thin,,thin,,False,False,,,,,10.05,3.77734375
Cover,W68,68,23,W,n,False,,,36,General,Aptos,12.0,False,False,,,,00000000,,center,,0,,,thin,,False,False,,,,,10.05,13.0
Cover,X68,68,24,X,n,False,,,36,General,Aptos,12.0,False,False,,,,00000000,,center,,0,,,thin,,False,False,,,,,10.05,13.0
Cover,Y68,68,25,Y,n,False,,,36,General,Aptos,12.0,False,False,,,,00000000,,center,,0,,,thin,,False,False,,,,,10.05,5.21875
Cover,Z68,68,26,Z,n,False,,,47,General,Aptos,12.0,False,False,,,,00000000,,center,,0,,thin,thin,,False,False,,,,,10.05,6.21875
Cover,AA68,68,27,AA,n,False,,,35,General,Aptos,12.0,False,False,,,,00000000,,center,,0,thin,,thin,,False,False,,,,,10.05,5.77734375
Cover,AB68,68,28,AB,n,False,,,36,General,Aptos,12.0,False,False,,,,00000000,,center,,0,,,thin,,False,False,,,,,10.05,3.77734375
Cover,AC68,68,29,AC,n,False,,,36,General,Aptos,12.0,False,False,,,,00000000,,center,,0,,,thin,,False,False,,,,,10.05,7.0
Cover,AD68,68,30,AD,n,False,,,36,General,Aptos,12.0,False,False,,,,00000000,,center,,0,,,thin,,False,False,,,,,10.05,3.77734375
Cover,AE68,68,31,AE,n,False,,,47,General,Aptos,12.0,False,False,,,,00000000,,center,,0,,thin,thin,,False,False,,,,,10.05,7.77734375
Cover,AF68,68,32,AF,n,False,,,19,General,Aptos,12.0,False,False,,,,00000000,,center,,0,,medium,,,False,False,,,,,10.05,3.77734375
Cover,A69,69,1,A,n,False,,,33,General,Aptos,10.0,False,False,,,,00000000,justify,justify,True,90,medium,,,,False,False,,,,,16.05,6.5546875
Cover,B69,69,2,B,s,False,RELEASED FOR,,48,General,Aptos,9.0,True,False,,,,00000000,,center,,0,thin,,,,True,False,,,,,16.05,3.77734375
Cover,C69,69,3,C,n,False,,,61,General,Aptos,10.0,False,False,,,,00000000,,center,,0,,,,,False,False,,,,,16.05,5.0
Cover,D69,69,4,D,n,False,,,61,General,Aptos,10.0,False,False,,,,00000000,,center,,0,,,,,False,False,,,,,16.05,4.77734375
Cover,E69,69,5,E,n,False,,,61,General,Aptos,10.0,False,False,,,,00000000,,center,,0,,,,,False,False,,,,,16.05,7.21875
Cover,F69,69,6,F,n,False,,,17,General,Aptos,12.0,False,False,,,,00000000,,center,,0,thin,,,,False,False,,,,,16.05,3.77734375
Cover,G69,69,7,G,b,False,False,,59,General,Aptos,12.0,False,False,,,,00000000,,center,,0,,,,,False,False,,Author,"Author:
Type ""P"" (Upper Case) here for a Tick (P)Mark and ""O"" (Upper Case) for a cross (O)mark",,16.05,7.21875
Cover,H69,69,8,H,s,False,  PRELIMINARY,,62,General,Aptos,9.0,True,False,,,,00000000,,center,,0,,,,,True,False,,,,,16.05,5.44140625
Cover,I69,69,9,I,n,False,,,63,General,Aptos,9.0,True,False,,,,00000000,,center,,0,,,,,False,False,,,,,16.05,5.21875
Cover,J69,69,10,J,n,False,,,63,General,Aptos,9.0,True,False,,,,00000000,,center,,0,,,,,False,False,,,,,16.05,2.77734375
Cover,K69,69,11,K,n,False,,,63,General,Aptos,9.0,True,False,,,,00000000,,center,,0,,,,,False,False,,,,,16.05,5.77734375
Cover,L69,69,12,L,n,False,,,49,General,Aptos,9.0,True,False,,,,00000000,,center,,0,,thin,,,False,False,,,,,16.05,3.77734375
Cover,M69,69,13,M,n,False,,,50,General,Aptos,9.0,True,False,,,,00000000,,center,,0,thin,,,,False,False,,,,,16.05,4.21875
Cover,N69,69,14,N,b,False,False,,59,General,Aptos,12.0,False,False,,,,00000000,,center,,0,,,,,False,False,,Author,"Author:
Type ""P"" (Upper Case) here for a Tick (P)Mark and ""O"" (Upper Case) for a cross (O)mark",,16.05,3.77734375
Cover,O69,69,15,O,s,False,TENDER,,62,General,Aptos,9.0,True,False,,,,00000000,,center,,0,,,,,True,False,,,,,16.05,13.0
Cover,P69,69,16,P,n,False,,,49,General,Aptos,9.0,True,False,,,,00000000,,center,,0,,thin,,,False,False,,,,,16.05,6.21875
Cover,Q69,69,17,Q,n,False,,,17,General,Aptos,12.0,False,False,,,,00000000,,center,,0,thin,,,,False,False,,,,,16.05,4.77734375
Cover,R69,69,18,R,b,False,False,,59,General,Aptos,12.0,False,False,,,,00000000,,center,,0,,,,,False,False,,Author,"Author:
Type ""P"" (Upper Case) here for a Tick (P)Mark and ""O"" (Upper Case) for a cross (O)mark",,16.05,3.77734375
Cover,S69,69,19,S,s,False,INFORMATION,,62,General,Aptos,9.0,True,False,,,,00000000,,center,,0,,,,,True,False,,,,,16.05,13.0
Cover,T69,69,20,T,n,False,,,63,General,Aptos,9.0,True,False,,,,00000000,,center,,0,,,,,False,False,,,,,16.05,13.0
Cover,U69,69,21,U,n,False,,,49,General,Aptos,9.0,True,False,,,,00000000,,center,,0,,thin,,,False,False,,,,,16.05,8.5546875
Cover,V69,69,22,V,n,False,,,50,General,Aptos,9.0,True,False,,,,00000000,,center,,0,thin,,,,False,False,,,,,16.05,3.77734375
Cover,W69,69,23,W,b,False,True,,59,General,Aptos,12.0,False,False,,,,00000000,,center,,0,,,,,False,False,,Author,"Author:
Type ""P"" (Upper Case) here for a Tick (P)Mark and ""O"" (Upper Case) for a cross (O)mark",,16.05,13.0
Cover,X69,69,24,X,s,False,APPROVAL,,62,General,Aptos,9.0,True,False,,,,00000000,,center,,0,,,,,True,False,,,,,16.05,13.0
Cover,Y69,69,25,Y,n,False,,,63,General,Aptos,9.0,True,False,,,,00000000,,center,,0,,,,,False,False,,,,,16.05,5.21875
Cover,Z69,69,26,Z,n,False,,,49,General,Aptos,9.0,True,False,,,,00000000,,center,,0,,thin,,,False,False,,,,,16.05,6.21875
Cover,AA69,69,27,AA,n,False,,,17,General,Aptos,12.0,False,False,,,,00000000,,center,,0,thin,,,,False,False,,,,,16.05,5.77734375
Cover,AB69,69,28,AB,b,False,False,,59,General,Aptos,12.0,False,False,,,,00000000,,center,,0,,,,,False,False,,Author,"Author:
Type ""P"" (Upper Case) here for a Tick (P)Mark and ""O"" (Upper Case) for a cross (O)mark",,16.05,3.77734375
Cover,AC69,69,29,AC,s,False,CONSTRUCTION,,62,General,Aptos,9.0,True,False,,,,00000000,,center,,0,,,,,True,False,,,,,16.05,7.0
Cover,AE69,69,31,AE,n,False,,,18,General,Aptos,12.0,False,False,,,,00000000,,center,,0,,thin,,,False,False,,,,,16.05,7.77734375
Cover,AF69,69,32,AF,n,False,,,19,General,Aptos,12.0,False,False,,,,00000000,,center,,0,,medium,,,False,False,,,,,16.05,3.77734375
Cover,A70,70,1,A,n,False,,,33,General,Aptos,10.0,False,False,,,,00000000,justify,justify,True,90,medium,,,,False,False,,,,,10.05,6.5546875
Cover,B70,70,2,B,n,False,,,51,General,Aptos,10.0,False,False,,,,00000000,,center,,0,thin,,,,False,False,,,,,10.05,3.77734375
Cover,C70,70,3,C,n,False,,,61,General,Aptos,10.0,False,False,,,,00000000,,center,,0,,,,,False,False,,,,,10.05,5.0
Cover,D70,70,4,D,n,False,,,61,General,Aptos,10.0,False,False,,,,00000000,,center,,0,,,,,False,False,,,,,10.05,4.77734375
Cover,E70,70,5,E,n,False,,,61,General,Aptos,10.0,False,False,,,,00000000,,center,,0,,,,,False,False,,,,,10.05,7.21875
Cover,F70,70,6,F,n,False,,,52,General,Aptos,10.0,False,False,,,,00000000,,center,,0,thin,,,thin,False,False,,,,,10.05,3.77734375
Cover,G70,70,7,G,n,False,,,53,General,Aptos,10.0,False,False,,,,00000000,,center,,0,,,,thin,False,False,,,,,10.05,7.21875
Cover,H70,70,8,H,n,False,,,53,General,Aptos,10.0,False,False,,,,00000000,,center,,0,,,,thin,False,False,,,,,10.05,5.44140625
Cover,I70,70,9,I,n,False,,,53,General,Aptos,10.0,False,False,,,,00000000,,center,,0,,,,thin,False,False,,,,,10.05,5.21875
Cover,J70,70,10,J,n,False,,,53,General,Aptos,10.0,False,False,,,,00000000,,center,,0,,,,thin,False,False,,,,,10.05,2.77734375
Cover,K70,70,11,K,n,False,,,53,General,Aptos,10.0,False,False,,,,00000000,,center,,0,,,,thin,False,False,,,,,10.05,5.77734375
Cover,L70,70,12,L,n,False,,,54,General,Aptos,10.0,False,False,,,,00000000,,center,,0,,thin,,thin,False,False,,,,,10.05,3.77734375
Cover,M70,70,13,M,n,False,,,52,General,Aptos,10.0,False,False,,,,00000000,,center,,0,thin,,,thin,False,False,,,,,10.05,4.21875
Cover,N70,70,14,N,n,False,,,53,General,Aptos,10.0,False,False,,,,00000000,,center,,0,,,,thin,False,False,,,,,10.05,3.77734375
Cover,O70,70,15,O,n,False,,,53,General,Aptos,10.0,False,False,,,,00000000,,center,,0,,,,thin,False,False,,,,,10.05,13.0
Cover,P70,70,16,P,n,False,,,54,General,Aptos,10.0,False,False,,,,00000000,,center,,0,,thin,,thin,False,False,,,,,10.05,6.21875
Cover,Q70,70,17,Q,n,False,,,52,General,Aptos,10.0,False,False,,,,00000000,,center,,0,thin,,,thin,False,False,,,,,10.05,4.77734375
Cover,R70,70,18,R,n,False,,,53,General,Aptos,10.0,False,False,,,,00000000,,center,,0,,,,thin,False,False,,,,,10.05,3.77734375
Cover,S70,70,19,S,n,False,,,53,General,Aptos,10.0,False,False,,,,00000000,,center,,0,,,,thin,False,False,,,,,10.05,13.0
Cover,T70,70,20,T,n,False,,,53,General,Aptos,10.0,False,False,,,,00000000,,center,,0,,,,thin,False,False,,,,,10.05,13.0
Cover,U70,70,21,U,n,False,,,54,General,Aptos,10.0,False,False,,,,00000000,,center,,0,,thin,,thin,False,False,,,,,10.05,8.5546875
Cover,V70,70,22,V,n,False,,,52,General,Aptos,10.0,False,False,,,,00000000,,center,,0,thin,,,thin,False,False,,,,,10.05,3.77734375
Cover,W70,70,23,W,n,False,,,53,General,Aptos,10.0,False,False,,,,00000000,,center,,0,,,,thin,False,False,,,,,10.05,13.0
Cover,X70,70,24,X,n,False,,,53,General,Aptos,10.0,False,False,,,,00000000,,center,,0,,,,thin,False,False,,,,,10.05,13.0
Cover,Y70,70,25,Y,n,False,,,53,General,Aptos,10.0,False,False,,,,00000000,,center,,0,,,,thin,False,False,,,,,10.05,5.21875
Cover,Z70,70,26,Z,n,False,,,54,General,Aptos,10.0,False,False,,,,00000000,,center,,0,,thin,,thin,False,False,,,,,10.05,6.21875
Cover,AA70,70,27,AA,n,False,,,52,General,Aptos,10.0,False,False,,,,00000000,,center,,0,thin,,,thin,False,False,,,,,10.05,5.77734375
Cover,AB70,70,28,AB,n,False,,,53,General,Aptos,10.0,False,False,,,,00000000,,center,,0,,,,thin,False,False,,,,,10.05,3.77734375
Cover,AC70,70,29,AC,n,False,,,53,General,Aptos,10.0,False,False,,,,00000000,,center,,0,,,,thin,False,False,,,,,10.05,7.0
Cover,AD70,70,30,AD,n,False,,,53,General,Aptos,10.0,False,False,,,,00000000,,center,,0,,,,thin,False,False,,,,,10.05,3.77734375
Cover,AE70,70,31,AE,n,False,,,55,General,Aptos,12.0,False,False,,,,00000000,,center,,0,,thin,,thin,False,False,,,,,10.05,7.77734375
Cover,AF70,70,32,AF,n,False,,,19,General,Aptos,12.0,False,False,,,,00000000,,center,,0,,medium,,,False,False,,,,,10.05,3.77734375
Cover,A71,71,1,A,n,False,,,33,General,Aptos,10.0,False,False,,,,00000000,justify,justify,True,90,medium,,,,False,False,,,,,10.05,6.5546875
Cover,B71,71,2,B,n,False,,,41,General,Aptos,12.0,False,False,,,,00000000,,center,,0,thin,,,thin,False,False,,,,,10.05,3.77734375
Cover,C71,71,3,C,n,False,,,42,General,Aptos,12.0,False,False,,,,00000000,,center,,0,,,,thin,False,False,,,,,10.05,5.0
Cover,D71,71,4,D,n,False,,,42,General,Aptos,12.0,False,False,,,,00000000,,center,,0,,,,thin,False,False,,,,,10.05,4.77734375
Cover,E71,71,5,E,n,False,,,42,General,Aptos,12.0,False,False,,,,00000000,,center,,0,,,,thin,False,False,,,,,10.05,7.21875
Cover,F71,71,6,F,n,False,,,42,General,Aptos,12.0,False,False,,,,00000000,,center,,0,,,,thin,False,False,,,,,10.05,3.77734375
Cover,G71,71,7,G,n,False,,,42,General,Aptos,12.0,False,False,,,,00000000,,center,,0,,,,thin,False,False,,,,,10.05,7.21875
Cover,H71,71,8,H,n,False,,,42,General,Aptos,12.0,False,False,,,,00000000,,center,,0,,,,thin,False,False,,,,,10.05,5.44140625
Cover,I71,71,9,I,n,False,,,42,General,Aptos,12.0,False,False,,,,00000000,,center,,0,,,,thin,False,False,,,,,10.05,5.21875
Cover,J71,71,10,J,n,False,,,42,General,Aptos,12.0,False,False,,,,00000000,,center,,0,,,,thin,False,False,,,,,10.05,2.77734375
Cover,K71,71,11,K,n,False,,,42,General,Aptos,12.0,False,False,,,,00000000,,center,,0,,,,thin,False,False,,,,,10.05,5.77734375
Cover,L71,71,12,L,n,False,,,42,General,Aptos,12.0,False,False,,,,00000000,,center,,0,,,,thin,False,False,,,,,10.05,3.77734375
Cover,M71,71,13,M,n,False,,,42,General,Aptos,12.0,False,False,,,,00000000,,center,,0,,,,thin,False,False,,,,,10.05,4.21875
Cover,N71,71,14,N,n,False,,,42,General,Aptos,12.0,False,False,,,,00000000,,center,,0,,,,thin,False,False,,,,,10.05,3.77734375
Cover,O71,71,15,O,n,False,,,42,General,Aptos,12.0,False,False,,,,00000000,,center,,0,,,,thin,False,False,,,,,10.05,13.0
Cover,P71,71,16,P,n,False,,,42,General,Aptos,12.0,False,False,,,,00000000,,center,,0,,,,thin,False,False,,,,,10.05,6.21875
Cover,Q71,71,17,Q,n,False,,,42,General,Aptos,12.0,False,False,,,,00000000,,center,,0,,,,thin,False,False,,,,,10.05,4.77734375
Cover,R71,71,18,R,n,False,,,42,General,Aptos,12.0,False,False,,,,00000000,,center,,0,,,,thin,False,False,,,,,10.05,3.77734375
Cover,S71,71,19,S,n,False,,,42,General,Aptos,12.0,False,False,,,,00000000,,center,,0,,,,thin,False,False,,,,,10.05,13.0
Cover,T71,71,20,T,n,False,,,42,General,Aptos,12.0,False,False,,,,00000000,,center,,0,,,,thin,False,False,,,,,10.05,13.0
Cover,U71,71,21,U,n,False,,,42,General,Aptos,12.0,False,False,,,,00000000,,center,,0,,,,thin,False,False,,,,,10.05,8.5546875
Cover,V71,71,22,V,n,False,,,42,General,Aptos,12.0,False,False,,,,00000000,,center,,0,,,,thin,False,False,,,,,10.05,3.77734375
Cover,W71,71,23,W,n,False,,,42,General,Aptos,12.0,False,False,,,,00000000,,center,,0,,,,thin,False,False,,,,,10.05,13.0
Cover,X71,71,24,X,n,False,,,42,General,Aptos,12.0,False,False,,,,00000000,,center,,0,,,,thin,False,False,,,,,10.05,13.0
Cover,Y71,71,25,Y,n,False,,,42,General,Aptos,12.0,False,False,,,,00000000,,center,,0,,,,thin,False,False,,,,,10.05,5.21875
Cover,Z71,71,26,Z,n,False,,,42,General,Aptos,12.0,False,False,,,,00000000,,center,,0,,,,thin,False,False,,,,,10.05,6.21875
Cover,AA71,71,27,AA,n,False,,,42,General,Aptos,12.0,False,False,,,,00000000,,center,,0,,,,thin,False,False,,,,,10.05,5.77734375
Cover,AB71,71,28,AB,n,False,,,42,General,Aptos,12.0,False,False,,,,00000000,,center,,0,,,,thin,False,False,,,,,10.05,3.77734375
Cover,AC71,71,29,AC,n,False,,,42,General,Aptos,12.0,False,False,,,,00000000,,center,,0,,,,thin,False,False,,,,,10.05,7.0
Cover,AD71,71,30,AD,n,False,,,42,General,Aptos,12.0,False,False,,,,00000000,,center,,0,,,,thin,False,False,,,,,10.05,3.77734375
Cover,AE71,71,31,AE,n,False,,,55,General,Aptos,12.0,False,False,,,,00000000,,center,,0,,thin,,thin,False,False,,,,,10.05,7.77734375
Cover,AF71,71,32,AF,n,False,,,19,General,Aptos,12.0,False,False,,,,00000000,,center,,0,,medium,,,False,False,,,,,10.05,3.77734375
Cover,A72,72,1,A,n,False,,,56,General,Aptos,12.0,False,False,,,,00000000,,center,,0,medium,,,medium,False,False,,,,,16.05,6.5546875
Cover,B72,72,2,B,n,False,,,57,General,Aptos,12.0,False,False,,,,00000000,,center,,0,,,,medium,False,False,,,,,16.05,3.77734375
Cover,C72,72,3,C,n,False,,,57,General,Aptos,12.0,False,False,,,,00000000,,center,,0,,,,medium,False,False,,,,,16.05,5.0
Cover,D72,72,4,D,n,False,,,57,General,Aptos,12.0,False,False,,,,00000000,,center,,0,,,,medium,False,False,,,,,16.05,4.77734375
Cover,E72,72,5,E,n,False,,,57,General,Aptos,12.0,False,False,,,,00000000,,center,,0,,,,medium,False,False,,,,,16.05,7.21875
Cover,F72,72,6,F,n,False,,,57,General,Aptos,12.0,False,False,,,,00000000,,center,,0,,,,medium,False,False,,,,,16.05,3.77734375
Cover,G72,72,7,G,n,False,,,57,General,Aptos,12.0,False,False,,,,00000000,,center,,0,,,,medium,False,False,,,,,16.05,7.21875
Cover,H72,72,8,H,n,False,,,57,General,Aptos,12.0,False,False,,,,00000000,,center,,0,,,,medium,False,False,,,,,16.05,5.44140625
Cover,I72,72,9,I,n,False,,,57,General,Aptos,12.0,False,False,,,,00000000,,center,,0,,,,medium,False,False,,,,,16.05,5.21875
Cover,J72,72,10,J,n,False,,,57,General,Aptos,12.0,False,False,,,,00000000,,center,,0,,,,medium,False,False,,,,,16.05,2.77734375
Cover,K72,72,11,K,n,False,,,57,General,Aptos,12.0,False,False,,,,00000000,,center,,0,,,,medium,False,False,,,,,16.05,5.77734375
Cover,L72,72,12,L,n,False,,,57,General,Aptos,12.0,False,False,,,,00000000,,center,,0,,,,medium,False,False,,,,,16.05,3.77734375
Cover,M72,72,13,M,n,False,,,57,General,Aptos,12.0,False,False,,,,00000000,,center,,0,,,,medium,False,False,,,,,16.05,4.21875
Cover,N72,72,14,N,n,False,,,57,General,Aptos,12.0,False,False,,,,00000000,,center,,0,,,,medium,False,False,,,,,16.05,3.77734375
Cover,O72,72,15,O,n,False,,,57,General,Aptos,12.0,False,False,,,,00000000,,center,,0,,,,medium,False,False,,,,,16.05,13.0
Cover,P72,72,16,P,n,False,,,57,General,Aptos,12.0,False,False,,,,00000000,,center,,0,,,,medium,False,False,,,,,16.05,6.21875
Cover,Q72,72,17,Q,n,False,,,57,General,Aptos,12.0,False,False,,,,00000000,,center,,0,,,,medium,False,False,,,,,16.05,4.77734375
Cover,R72,72,18,R,n,False,,,57,General,Aptos,12.0,False,False,,,,00000000,,center,,0,,,,medium,False,False,,,,,16.05,3.77734375
Cover,S72,72,19,S,n,False,,,57,General,Aptos,12.0,False,False,,,,00000000,,center,,0,,,,medium,False,False,,,,,16.05,13.0
Cover,T72,72,20,T,n,False,,,57,General,Aptos,12.0,False,False,,,,00000000,,center,,0,,,,medium,False,False,,,,,16.05,13.0
Cover,U72,72,21,U,n,False,,,57,General,Aptos,12.0,False,False,,,,00000000,,center,,0,,,,medium,False,False,,,,,16.05,8.5546875
Cover,V72,72,22,V,n,False,,,57,General,Aptos,12.0,False,False,,,,00000000,,center,,0,,,,medium,False,False,,,,,16.05,3.77734375
Cover,W72,72,23,W,n,False,,,57,General,Aptos,12.0,False,False,,,,00000000,,center,,0,,,,medium,False,False,,,,,16.05,13.0
Cover,X72,72,24,X,n,False,,,57,General,Aptos,12.0,False,False,,,,00000000,,center,,0,,,,medium,False,False,,,,,16.05,13.0
Cover,Y72,72,25,Y,n,False,,,57,General,Aptos,12.0,False,False,,,,00000000,,center,,0,,,,medium,False,False,,,,,16.05,5.21875
Cover,Z72,72,26,Z,n,False,,,57,General,Aptos,12.0,False,False,,,,00000000,,center,,0,,,,medium,False,False,,,,,16.05,6.21875
Cover,AA72,72,27,AA,n,False,,,57,General,Aptos,12.0,False,False,,,,00000000,,center,,0,,,,medium,False,False,,,,,16.05,5.77734375
Cover,AB72,72,28,AB,n,False,,,57,General,Aptos,12.0,False,False,,,,00000000,,center,,0,,,,medium,False,False,,,,,16.05,3.77734375
Cover,AC72,72,29,AC,n,False,,,57,General,Aptos,12.0,False,False,,,,00000000,,center,,0,,,,medium,False,False,,,,,16.05,7.0
Cover,AD72,72,30,AD,n,False,,,57,General,Aptos,12.0,False,False,,,,00000000,,center,,0,,,,medium,False,False,,,,,16.05,3.77734375
Cover,AE72,72,31,AE,n,False,,,57,General,Aptos,12.0,False,False,,,,00000000,,center,,0,,,,medium,False,False,,,,,16.05,7.77734375
Cover,AF72,72,32,AF,n,False,,,58,General,Aptos,12.0,False,False,,,,00000000,,center,,0,,medium,,medium,False,False,,,,,16.05,3.77734375
